"ticks","new","recycled","waste"
0,100,0,0
1,96.16326530612244,0,3.8367346938775513
2,92.40816326530611,0,7.591836734693877
3,88.9795918367347,0,11.020408163265307
4,86.53061224489797,0,13.46938775510204
5,83.51020408163265,0,16.48979591836735
6,81.3061224489796,0,18.693877551020407
7,79.02040816326532,0,20.97959183673469
8,77.06122448979592,0,22.93877551020408
9,75.10204081632654,0,24.897959183673468
10,73.79591836734693,0,26.204081632653057
11,72.48979591836735,0,27.510204081632654
12,70.53061224489797,0,29.46938775510204
13,69.46938775510205,0,30.53061224489796
14,68.9795918367347,0,31.020408163265305
15,68.73469387755102,0,31.265306122448976
16,66.6938775510204,0,33.30612244897959
17,66.12244897959184,0,33.87755102040816
18,65.55102040816327,0,34.44897959183674
19,65.14285714285715,0,34.85714285714286
20,63.26530612244898,0,36.734693877551024
21,62.93877551020408,0,37.06122448979592
22,62.69387755102041,0,37.306122448979586
23,62.61224489795918,0,37.38775510204081
24,60.73469387755102,0,39.265306122448976
25,60.48979591836735,0,39.51020408163266
26,60.08163265306122,0,39.91836734693878
27,59.265306122448976,0,40.734693877551024
28,57.877551020408156,0,42.12244897959184
29,56.81632653061225,0,43.183673469387756
30,56.734693877551024,0,43.26530612244898
31,56.48979591836735,0,43.51020408163265
32,54.61224489795919,0,45.38775510204081
33,53.95918367346939,0,46.04081632653062
34,53.87755102040816,0,46.12244897959184
35,54.04081632653062,0,45.95918367346939
36,52.73469387755102,0,47.26530612244898
37,51.83673469387755,0,48.16326530612245
38,51.34693877551021,0,48.6530612244898
39,51.34693877551021,0,48.6530612244898
40,50.36734693877551,0,49.63265306122449
41,50.04081632653061,0,49.95918367346939
42,49.795918367346935,0,50.204081632653065
43,49.38775510204081,0,50.61224489795918
44,48.40816326530612,0,51.59183673469387
45,47.755102040816325,0,52.244897959183675
46,47.26530612244898,0,52.73469387755102
47,47.673469387755105,0,52.326530612244895
48,46.775510204081634,0,53.22448979591837
49,46.12244897959184,0,53.87755102040816
50,45.30612244897959,0,54.69387755102041
51,44.89795918367347,0,55.10204081632652
52,43.42857142857143,0,56.57142857142857
53,43.26530612244898,0,56.734693877551024
54,43.10204081632653,0,56.89795918367347
55,42.857142857142854,0,57.14285714285714
56,42.04081632653061,0,57.95918367346938
57,41.63265306122449,0,58.36734693877551
58,41.55102040816326,0,58.44897959183674
59,41.714285714285715,0,58.285714285714285
60,40.6530612244898,0,59.3469387755102
61,40.3265306122449,0,59.673469387755105
62,39.91836734693878,0,60.08163265306122
63,40.08163265306122,0,59.91836734693877
64,39.3469387755102,0,60.65306122448979
65,38.53061224489796,0,61.46938775510205
66,38.53061224489796,0,61.46938775510205
67,38.36734693877551,0,61.63265306122449
68,37.95918367346939,0,62.04081632653061
69,38.04081632653061,0,61.95918367346939
70,38.04081632653061,0,61.95918367346939
71,37.95918367346939,0,62.04081632653061
72,37.714285714285715,0,62.28571428571429
73,37.46938775510204,0,62.53061224489795
74,37.63265306122449,0,62.36734693877551
75,37.63265306122449,0,62.36734693877551
76,37.22448979591837,0,62.77551020408163
77,37.06122448979592,0,62.93877551020408
78,36.816326530612244,0,63.183673469387756
79,37.142857142857146,0,62.857142857142854
80,37.06122448979592,0,62.93877551020408
81,36.97959183673469,0,63.02040816326531
82,36.40816326530612,0,63.59183673469387
83,36.40816326530612,0,63.59183673469387
84,36.3265306122449,0,63.6734693877551
85,36.08163265306123,0,63.91836734693877
86,36,0,64
87,35.26530612244898,0,64.73469387755102
88,35.183673469387756,0,64.81632653061224
89,34.61224489795918,0,65.38775510204081
90,34.61224489795918,0,65.38775510204081
91,34.69387755102041,0,65.3061224489796
92,34.775510204081634,0,65.22448979591837
93,34.53061224489796,0,65.46938775510203
94,34.85714285714286,0,65.14285714285715
95,35.26530612244898,0,64.73469387755102
96,35.183673469387756,0,64.81632653061224
97,35.183673469387756,0,64.81632653061224
98,35.26530612244898,0,64.73469387755102
99,35.183673469387756,0,64.81632653061224
100,34.775510204081634,0,65.22448979591837
101,34.12244897959184,0,65.87755102040816
102,33.63265306122449,0,66.36734693877551
103,33.714285714285715,0,66.28571428571428
104,33.714285714285715,0,66.28571428571428
105,33.38775510204081,0,66.61224489795919
106,32.9795918367347,0,67.02040816326532
107,32.9795918367347,0,67.02040816326532
108,32.816326530612244,0,67.18367346938776
109,32.40816326530612,0,67.59183673469387
110,32.73469387755102,0,67.26530612244898
111,32.89795918367347,0,67.10204081632654
112,32.816326530612244,0,67.18367346938776
113,32.326530612244895,0,67.6734693877551
114,32,0,68
115,32.326530612244895,0,67.6734693877551
116,31.83673469387755,0,68.16326530612244
117,31.918367346938776,0,68.08163265306122
118,31.918367346938776,0,68.08163265306122
119,31.918367346938776,0,68.08163265306122
120,32.08163265306123,0,67.91836734693878
121,31.918367346938776,0,68.08163265306122
122,31.918367346938776,0,68.08163265306122
123,32.40816326530612,0,67.59183673469387
124,32.57142857142858,0,67.42857142857143
125,32.40816326530612,0,67.59183673469387
126,32.40816326530612,0,67.59183673469387
127,32.08163265306123,0,67.91836734693878
128,31.83673469387755,0,68.16326530612244
129,31.755102040816325,0,68.24489795918367
130,31.673469387755105,0,68.3265306122449
131,31.673469387755105,0,68.3265306122449
132,31.510204081632654,0,68.48979591836735
133,31.591836734693878,0,68.40816326530611
134,31.346938775510203,0,68.6530612244898
135,31.183673469387756,0,68.81632653061224
136,31.183673469387756,0,68.81632653061224
137,31.020408163265305,0,68.9795918367347
138,30.93877551020408,0,69.06122448979592
139,30.69387755102041,0,69.3061224489796
140,30.04081632653061,0,69.95918367346938
141,30.122448979591837,0,69.87755102040816
142,30.122448979591837,0,69.87755102040816
143,30.04081632653061,0,69.95918367346938
144,29.959183673469386,0,70.0408163265306
145,30.04081632653061,0,69.95918367346938
146,30.36734693877551,0,69.63265306122449
147,30.448979591836732,0,69.55102040816327
148,30.612244897959183,0,69.38775510204081
149,30.122448979591837,0,69.87755102040816
150,29.632653061224488,0,70.36734693877551
151,29.551020408163264,0,70.44897959183673
152,29.795918367346943,0,70.20408163265306
153,29.795918367346943,0,70.20408163265306
154,29.632653061224488,0,70.36734693877551
155,29.959183673469386,0,70.0408163265306
156,30.36734693877551,0,69.63265306122449
157,30.36734693877551,0,69.63265306122449
158,30.448979591836732,0,69.55102040816327
159,30.448979591836732,0,69.55102040816327
160,30.36734693877551,0,69.63265306122449
161,31.020408163265305,0,68.9795918367347
162,31.102040816326532,0,68.89795918367348
163,31.102040816326532,0,68.89795918367348
164,31.346938775510203,0,68.6530612244898
165,31.673469387755105,0,68.3265306122449
166,31.918367346938776,0,68.08163265306122
167,32.08163265306123,0,67.91836734693878
168,32.08163265306123,0,67.91836734693878
169,32.326530612244895,0,67.6734693877551
170,32.163265306122454,0,67.83673469387756
171,32.48979591836735,0,67.51020408163265
172,32.57142857142858,0,67.42857142857143
173,32.73469387755102,0,67.26530612244898
174,33.30612244897959,0,66.6938775510204
175,33.38775510204081,0,66.61224489795919
176,33.38775510204081,0,66.61224489795919
177,33.224489795918366,0,66.77551020408163
178,33.14285714285714,0,66.85714285714286
179,33.55102040816327,0,66.44897959183673
180,33.95918367346939,0,66.04081632653062
181,34.20408163265306,0,65.79591836734694
182,34.12244897959184,0,65.87755102040816
183,34.20408163265306,0,65.79591836734694
184,33.87755102040816,0,66.12244897959184
185,33.714285714285715,0,66.28571428571428
186,33.46938775510204,0,66.53061224489795
187,33.224489795918366,0,66.77551020408163
188,33.30612244897959,0,66.6938775510204
189,33.46938775510204,0,66.53061224489795
190,33.38775510204081,0,66.61224489795919
191,33.714285714285715,0,66.28571428571428
192,33.87755102040816,0,66.12244897959184
193,34.04081632653061,0,65.9591836734694
194,34.285714285714285,0,65.71428571428571
195,34.36734693877551,0,65.63265306122449
196,34.36734693877551,0,65.63265306122449
197,34.775510204081634,0,65.22448979591837
198,35.183673469387756,0,64.81632653061224
199,35.3469387755102,0,64.65306122448979
200,35.183673469387756,0,64.81632653061224
201,35.26530612244898,0,64.73469387755102
202,35.183673469387756,0,64.81632653061224
203,34.69387755102041,0,65.3061224489796
204,35.26530612244898,0,64.73469387755102
205,35.3469387755102,0,64.65306122448979
206,35.42857142857142,0,64.57142857142857
207,35.10204081632653,0,64.89795918367346
208,34.85714285714286,0,65.14285714285715
209,34.93877551020408,0,65.06122448979592
210,35.183673469387756,0,64.81632653061224
211,35.183673469387756,0,64.81632653061224
212,35.183673469387756,0,64.81632653061224
213,35.26530612244898,0,64.73469387755102
214,35.42857142857142,0,64.57142857142857
215,36,0,64
216,35.59183673469388,0,64.40816326530611
217,36.08163265306123,0,63.91836734693877
218,36.40816326530612,0,63.59183673469387
219,36.3265306122449,0,63.6734693877551
220,36.244897959183675,0,63.755102040816325
221,36.40816326530612,0,63.59183673469387
222,36.48979591836735,0,63.51020408163265
223,36.48979591836735,0,63.51020408163265
224,36.897959183673464,0,63.102040816326536
225,37.55102040816327,0,62.44897959183674
226,37.63265306122449,0,62.36734693877551
227,37.714285714285715,0,62.28571428571429
228,37.55102040816327,0,62.44897959183674
229,37.714285714285715,0,62.28571428571429
230,37.55102040816327,0,62.44897959183674
231,37.55102040816327,0,62.44897959183674
232,37.38775510204081,0,62.61224489795918
233,37.38775510204081,0,62.61224489795918
234,37.142857142857146,0,62.857142857142854
235,37.306122448979586,0,62.69387755102041
236,37.46938775510204,0,62.53061224489795
237,37.63265306122449,0,62.36734693877551
238,37.87755102040816,0,62.12244897959184
239,37.87755102040816,0,62.12244897959184
240,38.04081632653061,0,61.95918367346939
241,38.44897959183673,0,61.55102040816327
242,38.857142857142854,0,61.142857142857146
243,38.93877551020408,0,61.06122448979592
244,39.42857142857143,0,60.57142857142858
245,39.59183673469388,0,60.40816326530612
246,39.6734693877551,0,60.3265306122449
247,39.6734693877551,0,60.3265306122449
248,39.3469387755102,0,60.65306122448979
249,38.93877551020408,0,61.06122448979592
250,39.59183673469388,0,60.40816326530612
251,39.83673469387755,0,60.16326530612245
252,39.6734693877551,0,60.3265306122449
253,39.91836734693878,0,60.08163265306122
254,40.08163265306122,0,59.91836734693877
255,40.40816326530612,0,59.591836734693885
256,40.48979591836735,0,59.51020408163266
257,40.816326530612244,0,59.183673469387756
258,41.224489795918366,0,58.77551020408164
259,41.30612244897959,0,58.693877551020414
260,41.14285714285714,0,58.857142857142854
261,41.38775510204082,0,58.61224489795919
262,41.46938775510204,0,58.53061224489796
263,41.55102040816326,0,58.44897959183674
264,41.714285714285715,0,58.285714285714285
265,41.79591836734694,0,58.20408163265306
266,41.79591836734694,0,58.20408163265306
267,41.95918367346938,0,58.04081632653061
268,41.95918367346938,0,58.04081632653061
269,41.87755102040816,0,58.12244897959184
270,42.61224489795919,0,57.38775510204081
271,42.93877551020408,0,57.06122448979591
272,43.10204081632653,0,56.89795918367347
273,43.10204081632653,0,56.89795918367347
274,42.857142857142854,0,57.14285714285714
275,43.3469387755102,0,56.6530612244898
276,43.673469387755105,0,56.326530612244895
277,43.51020408163265,0,56.48979591836735
278,43.755102040816325,0,56.24489795918367
279,43.59183673469388,0,56.40816326530612
280,43.91836734693877,0,56.08163265306122
281,43.83673469387755,0,56.16326530612245
282,43.83673469387755,0,56.16326530612245
283,43.83673469387755,0,56.16326530612245
284,43.755102040816325,0,56.24489795918367
285,44,0,56.00000000000001
286,43.91836734693877,0,56.08163265306122
287,44,0,56.00000000000001
288,44.163265306122454,0,55.83673469387755
289,44.163265306122454,0,55.83673469387755
290,44.08163265306123,0,55.91836734693878
291,44.326530612244895,0,55.673469387755105
292,44.48979591836735,0,55.51020408163265
293,44.48979591836735,0,55.51020408163265
294,44.6530612244898,0,55.3469387755102
295,44.48979591836735,0,55.51020408163265
296,44.40816326530612,0,55.59183673469388
297,44.163265306122454,0,55.83673469387755
298,44.163265306122454,0,55.83673469387755
299,44,0,56.00000000000001
300,44.163265306122454,0,55.83673469387755
301,44.08163265306123,0,55.91836734693878
302,44.244897959183675,0,55.755102040816325
303,44.326530612244895,0,55.673469387755105
304,44.6530612244898,0,55.3469387755102
305,44.73469387755102,0,55.265306122448976
306,45.06122448979592,0,54.93877551020409
307,45.224489795918366,0,54.775510204081634
308,45.14285714285714,0,54.85714285714286
309,45.06122448979592,0,54.93877551020409
310,45.55102040816327,0,54.44897959183673
311,45.714285714285715,0,54.285714285714285
312,45.63265306122449,0,54.367346938775505
313,45.55102040816327,0,54.44897959183673
314,45.714285714285715,0,54.285714285714285
315,45.87755102040816,0,54.122448979591844
316,45.87755102040816,0,54.122448979591844
317,46.12244897959184,0,53.87755102040816
318,46.53061224489796,0,53.46938775510204
319,46.61224489795918,0,53.38775510204081
320,46.61224489795918,0,53.38775510204081
321,46.93877551020408,0,53.06122448979592
322,47.183673469387756,0,52.816326530612244
323,47.3469387755102,0,52.6530612244898
324,47.673469387755105,0,52.326530612244895
325,47.673469387755105,0,52.326530612244895
326,48,0,52
327,48.57142857142857,0,51.42857142857142
328,48.57142857142857,0,51.42857142857142
329,48.734693877551024,0,51.26530612244898
330,48.897959183673464,0,51.102040816326536
331,49.142857142857146,0,50.857142857142854
332,49.06122448979592,0,50.93877551020408
333,48.897959183673464,0,51.102040816326536
334,48.97959183673469,0,51.02040816326531
335,49.142857142857146,0,50.857142857142854
336,49.142857142857146,0,50.857142857142854
337,49.06122448979592,0,50.93877551020408
338,49.306122448979586,0,50.69387755102041
339,49.63265306122449,0,50.36734693877551
340,49.87755102040816,0,50.12244897959184
341,50.28571428571429,0,49.714285714285715
342,50.44897959183674,0,49.55102040816327
343,50.53061224489795,0,49.46938775510204
344,50.857142857142854,0,49.142857142857146
345,50.53061224489795,0,49.46938775510204
346,50.61224489795918,0,49.38775510204081
347,51.102040816326536,0,48.897959183673464
348,50.93877551020408,0,49.06122448979592
349,51.26530612244898,0,48.734693877551024
350,51.42857142857142,0,48.57142857142857
351,51.51020408163265,0,48.48979591836734
352,51.26530612244898,0,48.734693877551024
353,51.26530612244898,0,48.734693877551024
354,51.59183673469387,0,48.40816326530612
355,51.59183673469387,0,48.40816326530612
356,51.755102040816325,0,48.244897959183675
357,52.163265306122454,0,47.83673469387755
358,52,0,48
359,52.244897959183675,0,47.755102040816325
360,52.48979591836734,0,47.51020408163265
361,52.163265306122454,0,47.83673469387755
362,52.163265306122454,0,47.83673469387755
363,52.244897959183675,0,47.755102040816325
364,51.91836734693878,0,48.08163265306122
365,52,0,48
366,52.326530612244895,0,47.673469387755105
367,52,0,48
368,51.51020408163265,0,48.48979591836734
369,51.34693877551021,0,48.6530612244898
370,51.183673469387756,0,48.816326530612244
371,51.59183673469387,0,48.40816326530612
372,51.91836734693878,0,48.08163265306122
373,51.91836734693878,0,48.08163265306122
374,52.163265306122454,0,47.83673469387755
375,52.48979591836734,0,47.51020408163265
376,52.73469387755102,0,47.26530612244898
377,52.48979591836734,0,47.51020408163265
378,52.408163265306115,0,47.59183673469388
379,52.408163265306115,0,47.59183673469388
380,52.73469387755102,0,47.26530612244898
381,52.6530612244898,0,47.3469387755102
382,52.6530612244898,0,47.3469387755102
383,52.9795918367347,0,47.0204081632653
384,52.816326530612244,0,47.183673469387756
385,52.9795918367347,0,47.0204081632653
386,53.142857142857146,0,46.85714285714286
387,53.06122448979592,0,46.93877551020408
388,53.06122448979592,0,46.93877551020408
389,53.06122448979592,0,46.93877551020408
390,53.38775510204081,0,46.61224489795918
391,53.55102040816326,0,46.44897959183674
392,53.55102040816326,0,46.44897959183674
393,53.79591836734694,0,46.20408163265306
394,53.95918367346939,0,46.04081632653062
395,54.285714285714285,0,45.714285714285715
396,54.367346938775505,0,45.63265306122449
397,54.44897959183673,0,45.55102040816327
398,54.44897959183673,0,45.55102040816327
399,54.53061224489796,0,45.46938775510204
400,54.775510204081634,0,45.224489795918366
401,54.93877551020409,0,45.06122448979592
402,55.02040816326531,0,44.97959183673469
403,55.265306122448976,0,44.73469387755102
404,55.265306122448976,0,44.73469387755102
405,55.42857142857143,0,44.57142857142857
406,55.59183673469388,0,44.40816326530612
407,55.59183673469388,0,44.40816326530612
408,55.83673469387755,0,44.163265306122454
409,55.91836734693878,0,44.08163265306123
410,56.16326530612245,0,43.83673469387755
411,56.00000000000001,0,44
412,55.91836734693878,0,44.08163265306123
413,56.08163265306122,0,43.91836734693877
414,56.24489795918367,0,43.755102040816325
415,56.326530612244895,0,43.673469387755105
416,56.16326530612245,0,43.83673469387755
417,56.326530612244895,0,43.673469387755105
418,56.40816326530612,0,43.59183673469388
419,56.734693877551024,0,43.26530612244898
420,56.48979591836735,0,43.51020408163265
421,56.48979591836735,0,43.51020408163265
422,56.734693877551024,0,43.26530612244898
423,57.06122448979591,0,42.93877551020408
424,56.734693877551024,0,43.26530612244898
425,56.6530612244898,0,43.3469387755102
426,56.97959183673469,0,43.02040816326531
427,57.14285714285714,0,42.857142857142854
428,57.14285714285714,0,42.857142857142854
429,57.224489795918366,0,42.775510204081634
430,57.632653061224495,0,42.367346938775505
431,57.79591836734694,0,42.204081632653065
432,57.55102040816327,0,42.44897959183673
433,57.46938775510204,0,42.53061224489796
434,57.55102040816327,0,42.44897959183673
435,57.714285714285715,0,42.285714285714285
436,57.714285714285715,0,42.285714285714285
437,57.79591836734694,0,42.204081632653065
438,58.285714285714285,0,41.714285714285715
439,58.44897959183674,0,41.55102040816326
440,58.285714285714285,0,41.714285714285715
441,58.61224489795919,0,41.38775510204082
442,58.693877551020414,0,41.30612244897959
443,58.93877551020408,0,41.06122448979592
444,59.0204081632653,0,40.97959183673469
445,59.10204081632653,0,40.89795918367347
446,59.265306122448976,0,40.734693877551024
447,59.42857142857143,0,40.57142857142857
448,59.3469387755102,0,40.6530612244898
449,59.51020408163266,0,40.48979591836735
450,59.51020408163266,0,40.48979591836735
451,59.42857142857143,0,40.57142857142857
452,59.183673469387756,0,40.816326530612244
453,59.265306122448976,0,40.734693877551024
454,59.265306122448976,0,40.734693877551024
455,59.10204081632653,0,40.89795918367347
456,59.183673469387756,0,40.816326530612244
457,59.10204081632653,0,40.89795918367347
458,59.10204081632653,0,40.89795918367347
459,59.265306122448976,0,40.734693877551024
460,59.51020408163266,0,40.48979591836735
461,59.673469387755105,0,40.3265306122449
462,59.51020408163266,0,40.48979591836735
463,59.51020408163266,0,40.48979591836735
464,59.265306122448976,0,40.734693877551024
465,59.75510204081632,0,40.244897959183675
466,59.75510204081632,0,40.244897959183675
467,59.836734693877546,0,40.16326530612245
468,59.591836734693885,0,40.40816326530612
469,60.08163265306122,0,39.91836734693878
470,59.91836734693877,0,40.08163265306122
471,60.244897959183675,0,39.755102040816325
472,60.40816326530612,0,39.59183673469388
473,60.3265306122449,0,39.6734693877551
474,60.57142857142858,0,39.42857142857143
475,60.65306122448979,0,39.3469387755102
476,60.73469387755102,0,39.265306122448976
477,60.65306122448979,0,39.3469387755102
478,60.897959183673464,0,39.102040816326536
479,61.06122448979592,0,38.93877551020408
480,60.897959183673464,0,39.102040816326536
481,61.142857142857146,0,38.857142857142854
482,61.06122448979592,0,38.93877551020408
483,61.30612244897959,0,38.69387755102041
484,61.224489795918366,0,38.775510204081634
485,61.46938775510205,0,38.53061224489796
486,61.46938775510205,0,38.53061224489796
487,61.55102040816327,0,38.44897959183673
488,61.55102040816327,0,38.44897959183673
489,61.63265306122449,0,38.36734693877551
490,61.795918367346935,0,38.20408163265306
491,62.36734693877551,0,37.63265306122449
492,62.12244897959184,0,37.87755102040816
493,62.36734693877551,0,37.63265306122449
494,62.36734693877551,0,37.63265306122449
495,62.53061224489795,0,37.46938775510204
496,62.53061224489795,0,37.46938775510204
497,62.61224489795918,0,37.38775510204081
498,62.857142857142854,0,37.142857142857146
499,62.93877551020408,0,37.06122448979592
500,62.69387755102041,0,37.306122448979586
501,62.53061224489795,0,37.46938775510204
502,62.61224489795918,0,37.38775510204081
503,62.77551020408163,0,37.22448979591837
504,62.61224489795918,0,37.38775510204081
505,63.02040816326531,0,36.97959183673469
506,63.02040816326531,0,36.97959183673469
507,63.102040816326536,0,36.897959183673464
508,62.77551020408163,0,37.22448979591837
509,62.93877551020408,0,37.06122448979592
510,62.93877551020408,0,37.06122448979592
511,62.69387755102041,0,37.306122448979586
512,62.44897959183674,0,37.55102040816327
513,62.77551020408163,0,37.22448979591837
514,62.77551020408163,0,37.22448979591837
515,62.69387755102041,0,37.306122448979586
516,62.61224489795918,0,37.38775510204081
517,62.93877551020408,0,37.06122448979592
518,63.26530612244898,0,36.734693877551024
519,63.26530612244898,0,36.734693877551024
520,63.102040816326536,0,36.897959183673464
521,63.34693877551021,0,36.6530612244898
522,63.34693877551021,0,36.6530612244898
523,63.26530612244898,0,36.734693877551024
524,63.34693877551021,0,36.6530612244898
525,63.42857142857142,0,36.57142857142857
526,63.59183673469387,0,36.40816326530612
527,63.59183673469387,0,36.40816326530612
528,63.26530612244898,0,36.734693877551024
529,63.34693877551021,0,36.6530612244898
530,63.42857142857142,0,36.57142857142857
531,63.59183673469387,0,36.40816326530612
532,63.6734693877551,0,36.3265306122449
533,63.6734693877551,0,36.3265306122449
534,63.51020408163265,0,36.48979591836735
535,63.59183673469387,0,36.40816326530612
536,63.26530612244898,0,36.734693877551024
537,63.183673469387756,0,36.816326530612244
538,63.34693877551021,0,36.6530612244898
539,63.51020408163265,0,36.48979591836735
540,63.59183673469387,0,36.40816326530612
541,63.34693877551021,0,36.6530612244898
542,63.51020408163265,0,36.48979591836735
543,63.59183673469387,0,36.40816326530612
544,63.6734693877551,0,36.3265306122449
545,63.91836734693877,0,36.08163265306123
546,63.91836734693877,0,36.08163265306123
547,63.91836734693877,0,36.08163265306123
548,63.59183673469387,0,36.40816326530612
549,63.42857142857142,0,36.57142857142857
550,63.6734693877551,0,36.3265306122449
551,63.59183673469387,0,36.40816326530612
552,63.51020408163265,0,36.48979591836735
553,63.6734693877551,0,36.3265306122449
554,63.83673469387755,0,36.16326530612245
555,63.91836734693877,0,36.08163265306123
556,63.755102040816325,0,36.244897959183675
557,63.83673469387755,0,36.16326530612245
558,64.16326530612245,0,35.83673469387755
559,64,0,36
560,63.755102040816325,0,36.244897959183675
561,63.91836734693877,0,36.08163265306123
562,64.16326530612245,0,35.83673469387755
563,64.48979591836735,0,35.51020408163265
564,64.32653061224491,0,35.673469387755105
565,64.48979591836735,0,35.51020408163265
566,64.48979591836735,0,35.51020408163265
567,64.73469387755102,0,35.26530612244898
568,64.73469387755102,0,35.26530612244898
569,64.89795918367346,0,35.10204081632653
570,64.9795918367347,0,35.0204081632653
571,64.89795918367346,0,35.10204081632653
572,64.65306122448979,0,35.3469387755102
573,64.81632653061224,0,35.183673469387756
574,65.06122448979592,0,34.93877551020408
575,65.22448979591837,0,34.775510204081634
576,64.89795918367346,0,35.10204081632653
577,65.22448979591837,0,34.775510204081634
578,65.38775510204081,0,34.61224489795918
579,65.46938775510203,0,34.53061224489796
580,65.38775510204081,0,34.61224489795918
581,65.55102040816327,0,34.44897959183674
582,65.87755102040816,0,34.12244897959184
583,66.36734693877551,0,33.63265306122449
584,66.12244897959184,0,33.87755102040816
585,66.04081632653062,0,33.95918367346939
586,66.28571428571428,0,33.714285714285715
587,66.28571428571428,0,33.714285714285715
588,66.36734693877551,0,33.63265306122449
589,66.04081632653062,0,33.95918367346939
590,66.12244897959184,0,33.87755102040816
591,66.53061224489795,0,33.46938775510204
592,66.44897959183673,0,33.55102040816327
593,66.61224489795919,0,33.38775510204081
594,66.85714285714286,0,33.14285714285714
595,66.85714285714286,0,33.14285714285714
596,66.85714285714286,0,33.14285714285714
597,66.77551020408163,0,33.224489795918366
598,67.10204081632654,0,32.89795918367347
599,67.10204081632654,0,32.89795918367347
600,66.77551020408163,0,33.224489795918366
601,67.02040816326532,0,32.9795918367347
602,67.10204081632654,0,32.89795918367347
603,67.10204081632654,0,32.89795918367347
604,67.02040816326532,0,32.9795918367347
605,67.18367346938776,0,32.816326530612244
606,67.42857142857143,0,32.57142857142858
607,67.42857142857143,0,32.57142857142858
608,67.26530612244898,0,32.73469387755102
609,67.3469387755102,0,32.6530612244898
610,67.26530612244898,0,32.73469387755102
611,67.42857142857143,0,32.57142857142858
612,67.59183673469387,0,32.40816326530612
613,67.59183673469387,0,32.40816326530612
614,67.75510204081633,0,32.244897959183675
615,67.83673469387756,0,32.163265306122454
616,67.59183673469387,0,32.40816326530612
617,67.51020408163265,0,32.48979591836735
618,67.42857142857143,0,32.57142857142858
619,67.51020408163265,0,32.48979591836735
620,67.42857142857143,0,32.57142857142858
621,67.3469387755102,0,32.6530612244898
622,67.42857142857143,0,32.57142857142858
623,67.75510204081633,0,32.244897959183675
624,67.83673469387756,0,32.163265306122454
625,68,0,32
626,68.08163265306122,0,31.918367346938776
627,68.40816326530611,0,31.591836734693878
628,68.16326530612244,0,31.83673469387755
629,68.40816326530611,0,31.591836734693878
630,68.57142857142857,0,31.428571428571427
631,68.73469387755102,0,31.265306122448976
632,68.9795918367347,0,31.020408163265305
633,68.9795918367347,0,31.020408163265305
634,69.22448979591836,0,30.775510204081634
635,69.46938775510205,0,30.53061224489796
636,69.38775510204081,0,30.612244897959183
637,69.55102040816327,0,30.448979591836732
638,69.71428571428572,0,30.28571428571429
639,69.71428571428572,0,30.28571428571429
640,69.3061224489796,0,30.69387755102041
641,69.14285714285714,0,30.857142857142854
642,69.3061224489796,0,30.69387755102041
643,69.3061224489796,0,30.69387755102041
644,69.06122448979592,0,30.93877551020408
645,68.9795918367347,0,31.020408163265305
646,69.06122448979592,0,30.93877551020408
647,68.81632653061224,0,31.183673469387756
648,68.48979591836735,0,31.510204081632654
649,68.73469387755102,0,31.265306122448976
650,68.81632653061224,0,31.183673469387756
651,68.9795918367347,0,31.020408163265305
652,68.89795918367348,0,31.102040816326532
653,69.14285714285714,0,30.857142857142854
654,69.22448979591836,0,30.775510204081634
655,69.22448979591836,0,30.775510204081634
656,69.06122448979592,0,30.93877551020408
657,68.9795918367347,0,31.020408163265305
658,69.06122448979592,0,30.93877551020408
659,69.22448979591836,0,30.775510204081634
660,69.22448979591836,0,30.775510204081634
661,69.38775510204081,0,30.612244897959183
662,69.46938775510205,0,30.53061224489796
663,69.79591836734694,0,30.20408163265306
664,69.71428571428572,0,30.28571428571429
665,69.63265306122449,0,30.36734693877551
666,69.63265306122449,0,30.36734693877551
667,69.63265306122449,0,30.36734693877551
668,69.63265306122449,0,30.36734693877551
669,69.38775510204081,0,30.612244897959183
670,69.22448979591836,0,30.775510204081634
671,69.14285714285714,0,30.857142857142854
672,69.14285714285714,0,30.857142857142854
673,68.9795918367347,0,31.020408163265305
674,68.9795918367347,0,31.020408163265305
675,69.06122448979592,0,30.93877551020408
676,68.89795918367348,0,31.102040816326532
677,68.89795918367348,0,31.102040816326532
678,69.14285714285714,0,30.857142857142854
679,69.38775510204081,0,30.612244897959183
680,69.46938775510205,0,30.53061224489796
681,69.46938775510205,0,30.53061224489796
682,69.55102040816327,0,30.448979591836732
683,69.46938775510205,0,30.53061224489796
684,69.14285714285714,0,30.857142857142854
685,69.14285714285714,0,30.857142857142854
686,69.06122448979592,0,30.93877551020408
687,69.06122448979592,0,30.93877551020408
688,68.6530612244898,0,31.346938775510203
689,68.9795918367347,0,31.020408163265305
690,68.81632653061224,0,31.183673469387756
691,68.9795918367347,0,31.020408163265305
692,68.57142857142857,0,31.428571428571427
693,68.73469387755102,0,31.265306122448976
694,68.89795918367348,0,31.102040816326532
695,69.06122448979592,0,30.93877551020408
696,68.9795918367347,0,31.020408163265305
697,69.14285714285714,0,30.857142857142854
698,69.14285714285714,0,30.857142857142854
699,68.9795918367347,0,31.020408163265305
700,69.22448979591836,0,30.775510204081634
701,69.14285714285714,0,30.857142857142854
702,69.3061224489796,0,30.69387755102041
703,69.22448979591836,0,30.775510204081634
704,69.06122448979592,0,30.93877551020408
705,68.9795918367347,0,31.020408163265305
706,68.9795918367347,0,31.020408163265305
707,69.14285714285714,0,30.857142857142854
708,68.9795918367347,0,31.020408163265305
709,68.9795918367347,0,31.020408163265305
710,69.3061224489796,0,30.69387755102041
711,69.46938775510205,0,30.53061224489796
712,69.06122448979592,0,30.93877551020408
713,68.89795918367348,0,31.102040816326532
714,69.22448979591836,0,30.775510204081634
715,69.3061224489796,0,30.69387755102041
716,68.9795918367347,0,31.020408163265305
717,69.06122448979592,0,30.93877551020408
718,68.9795918367347,0,31.020408163265305
719,69.14285714285714,0,30.857142857142854
720,69.3061224489796,0,30.69387755102041
721,69.71428571428572,0,30.28571428571429
722,69.71428571428572,0,30.28571428571429
723,69.79591836734694,0,30.20408163265306
724,69.71428571428572,0,30.28571428571429
725,69.55102040816327,0,30.448979591836732
726,69.87755102040816,0,30.122448979591837
727,70.0408163265306,0,29.959183673469386
728,70.20408163265306,0,29.795918367346943
729,70.12244897959184,0,29.87755102040816
730,70.53061224489797,0,29.46938775510204
731,70.6938775510204,0,29.306122448979593
732,70.53061224489797,0,29.46938775510204
733,70.77551020408164,0,29.22448979591837
734,70.85714285714285,0,29.142857142857142
735,71.0204081632653,0,28.97959183673469
736,70.77551020408164,0,29.22448979591837
737,70.77551020408164,0,29.22448979591837
738,70.93877551020408,0,29.06122448979592
739,70.93877551020408,0,29.06122448979592
740,70.93877551020408,0,29.06122448979592
741,70.77551020408164,0,29.22448979591837
742,70.93877551020408,0,29.06122448979592
743,71.0204081632653,0,28.97959183673469
744,70.77551020408164,0,29.22448979591837
745,70.77551020408164,0,29.22448979591837
746,70.85714285714285,0,29.142857142857142
747,71.0204081632653,0,28.97959183673469
748,70.6938775510204,0,29.306122448979593
749,70.77551020408164,0,29.22448979591837
750,71.0204081632653,0,28.97959183673469
751,71.26530612244898,0,28.73469387755102
752,70.93877551020408,0,29.06122448979592
753,71.0204081632653,0,28.97959183673469
754,71.0204081632653,0,28.97959183673469
755,71.26530612244898,0,28.73469387755102
756,71.0204081632653,0,28.97959183673469
757,71.10204081632652,0,28.89795918367347
758,71.34693877551021,0,28.653061224489797
759,71.51020408163265,0,28.489795918367346
760,71.34693877551021,0,28.653061224489797
761,71.0204081632653,0,28.97959183673469
762,71.26530612244898,0,28.73469387755102
763,71.42857142857143,0,28.57142857142857
764,71.6734693877551,0,28.3265306122449
765,71.75510204081633,0,28.244897959183675
766,71.91836734693877,0,28.081632653061224
767,72.08163265306122,0,27.918367346938776
768,71.83673469387755,0,28.163265306122447
769,71.6734693877551,0,28.3265306122449
770,71.83673469387755,0,28.163265306122447
771,72,0,28.000000000000004
772,71.6734693877551,0,28.3265306122449
773,71.75510204081633,0,28.244897959183675
774,71.83673469387755,0,28.163265306122447
775,71.91836734693877,0,28.081632653061224
776,71.42857142857143,0,28.57142857142857
777,71.42857142857143,0,28.57142857142857
778,71.51020408163265,0,28.489795918367346
779,71.6734693877551,0,28.3265306122449
780,71.51020408163265,0,28.489795918367346
781,71.42857142857143,0,28.57142857142857
782,71.75510204081633,0,28.244897959183675
783,71.83673469387755,0,28.163265306122447
784,71.6734693877551,0,28.3265306122449
785,71.6734693877551,0,28.3265306122449
786,71.51020408163265,0,28.489795918367346
787,71.83673469387755,0,28.163265306122447
788,71.6734693877551,0,28.3265306122449
789,71.59183673469389,0,28.408163265306126
790,71.59183673469389,0,28.408163265306126
791,71.59183673469389,0,28.408163265306126
792,71.26530612244898,0,28.73469387755102
793,71.51020408163265,0,28.489795918367346
794,71.42857142857143,0,28.57142857142857
795,71.42857142857143,0,28.57142857142857
796,71.26530612244898,0,28.73469387755102
797,71.34693877551021,0,28.653061224489797
798,71.59183673469389,0,28.408163265306126
799,71.6734693877551,0,28.3265306122449
800,71.34693877551021,0,28.653061224489797
801,71.34693877551021,0,28.653061224489797
802,71.34693877551021,0,28.653061224489797
803,71.42857142857143,0,28.57142857142857
804,71.10204081632652,0,28.89795918367347
805,71.18367346938776,0,28.816326530612248
806,71.18367346938776,0,28.816326530612248
807,71.26530612244898,0,28.73469387755102
808,71.26530612244898,0,28.73469387755102
809,71.59183673469389,0,28.408163265306126
810,71.59183673469389,0,28.408163265306126
811,71.75510204081633,0,28.244897959183675
812,72,0,28.000000000000004
813,71.83673469387755,0,28.163265306122447
814,72,0,28.000000000000004
815,72.08163265306122,0,27.918367346938776
816,71.91836734693877,0,28.081632653061224
817,71.83673469387755,0,28.163265306122447
818,72,0,28.000000000000004
819,72.08163265306122,0,27.918367346938776
820,71.75510204081633,0,28.244897959183675
821,71.75510204081633,0,28.244897959183675
822,71.91836734693877,0,28.081632653061224
823,72,0,28.000000000000004
824,71.6734693877551,0,28.3265306122449
825,71.59183673469389,0,28.408163265306126
826,71.75510204081633,0,28.244897959183675
827,71.75510204081633,0,28.244897959183675
828,71.59183673469389,0,28.408163265306126
829,71.34693877551021,0,28.653061224489797
830,71.51020408163265,0,28.489795918367346
831,71.59183673469389,0,28.408163265306126
832,71.34693877551021,0,28.653061224489797
833,71.26530612244898,0,28.73469387755102
834,71.26530612244898,0,28.73469387755102
835,71.34693877551021,0,28.653061224489797
836,71.0204081632653,0,28.97959183673469
837,71.0204081632653,0,28.97959183673469
838,71.34693877551021,0,28.653061224489797
839,71.51020408163265,0,28.489795918367346
840,71.42857142857143,0,28.57142857142857
841,71.34693877551021,0,28.653061224489797
842,71.42857142857143,0,28.57142857142857
843,71.59183673469389,0,28.408163265306126
844,71.51020408163265,0,28.489795918367346
845,71.34693877551021,0,28.653061224489797
846,71.26530612244898,0,28.73469387755102
847,71.34693877551021,0,28.653061224489797
848,71.18367346938776,0,28.816326530612248
849,71.26530612244898,0,28.73469387755102
850,71.26530612244898,0,28.73469387755102
851,71.34693877551021,0,28.653061224489797
852,71.26530612244898,0,28.73469387755102
853,71.18367346938776,0,28.816326530612248
854,71.26530612244898,0,28.73469387755102
855,71.26530612244898,0,28.73469387755102
856,71.0204081632653,0,28.97959183673469
857,71.0204081632653,0,28.97959183673469
858,71.0204081632653,0,28.97959183673469
859,70.93877551020408,0,29.06122448979592
860,70.53061224489797,0,29.46938775510204
861,70.77551020408164,0,29.22448979591837
862,70.93877551020408,0,29.06122448979592
863,71.18367346938776,0,28.816326530612248
864,71.26530612244898,0,28.73469387755102
865,71.51020408163265,0,28.489795918367346
866,71.51020408163265,0,28.489795918367346
867,71.42857142857143,0,28.57142857142857
868,71.10204081632652,0,28.89795918367347
869,70.93877551020408,0,29.06122448979592
870,70.93877551020408,0,29.06122448979592
871,71.10204081632652,0,28.89795918367347
872,70.93877551020408,0,29.06122448979592
873,71.18367346938776,0,28.816326530612248
874,71.51020408163265,0,28.489795918367346
875,71.6734693877551,0,28.3265306122449
876,71.59183673469389,0,28.408163265306126
877,71.59183673469389,0,28.408163265306126
878,71.75510204081633,0,28.244897959183675
879,71.75510204081633,0,28.244897959183675
880,71.51020408163265,0,28.489795918367346
881,71.51020408163265,0,28.489795918367346
882,71.83673469387755,0,28.163265306122447
883,71.83673469387755,0,28.163265306122447
884,71.42857142857143,0,28.57142857142857
885,71.51020408163265,0,28.489795918367346
886,71.59183673469389,0,28.408163265306126
887,71.42857142857143,0,28.57142857142857
888,71.26530612244898,0,28.73469387755102
889,71.34693877551021,0,28.653061224489797
890,71.51020408163265,0,28.489795918367346
891,71.51020408163265,0,28.489795918367346
892,71.42857142857143,0,28.57142857142857
893,71.18367346938776,0,28.816326530612248
894,71.51020408163265,0,28.489795918367346
895,71.59183673469389,0,28.408163265306126
896,71.34693877551021,0,28.653061224489797
897,71.59183673469389,0,28.408163265306126
898,71.6734693877551,0,28.3265306122449
899,71.83673469387755,0,28.163265306122447
900,71.75510204081633,0,28.244897959183675
901,71.42857142857143,0,28.57142857142857
902,71.59183673469389,0,28.408163265306126
903,71.59183673469389,0,28.408163265306126
904,71.42857142857143,0,28.57142857142857
905,71.42857142857143,0,28.57142857142857
906,71.42857142857143,0,28.57142857142857
907,71.59183673469389,0,28.408163265306126
908,71.42857142857143,0,28.57142857142857
909,71.6734693877551,0,28.3265306122449
910,71.6734693877551,0,28.3265306122449
911,71.91836734693877,0,28.081632653061224
912,71.51020408163265,0,28.489795918367346
913,71.59183673469389,0,28.408163265306126
914,71.51020408163265,0,28.489795918367346
915,71.59183673469389,0,28.408163265306126
916,71.51020408163265,0,28.489795918367346
917,71.34693877551021,0,28.653061224489797
918,71.26530612244898,0,28.73469387755102
919,71.42857142857143,0,28.57142857142857
920,71.10204081632652,0,28.89795918367347
921,71.26530612244898,0,28.73469387755102
922,71.34693877551021,0,28.653061224489797
923,71.34693877551021,0,28.653061224489797
924,71.10204081632652,0,28.89795918367347
925,71.26530612244898,0,28.73469387755102
926,71.34693877551021,0,28.653061224489797
927,71.59183673469389,0,28.408163265306126
928,71.34693877551021,0,28.653061224489797
929,71.59183673469389,0,28.408163265306126
930,71.51020408163265,0,28.489795918367346
931,71.59183673469389,0,28.408163265306126
932,71.26530612244898,0,28.73469387755102
933,71.42857142857143,0,28.57142857142857
934,71.42857142857143,0,28.57142857142857
935,71.6734693877551,0,28.3265306122449
936,71.59183673469389,0,28.408163265306126
937,71.6734693877551,0,28.3265306122449
938,71.75510204081633,0,28.244897959183675
939,71.83673469387755,0,28.163265306122447
940,71.6734693877551,0,28.3265306122449
941,71.83673469387755,0,28.163265306122447
942,71.75510204081633,0,28.244897959183675
943,71.75510204081633,0,28.244897959183675
944,71.42857142857143,0,28.57142857142857
945,71.34693877551021,0,28.653061224489797
946,71.42857142857143,0,28.57142857142857
947,71.34693877551021,0,28.653061224489797
948,71.42857142857143,0,28.57142857142857
949,71.18367346938776,0,28.816326530612248
950,71.59183673469389,0,28.408163265306126
951,71.75510204081633,0,28.244897959183675
952,71.34693877551021,0,28.653061224489797
953,71.34693877551021,0,28.653061224489797
954,71.51020408163265,0,28.489795918367346
955,71.6734693877551,0,28.3265306122449
956,71.51020408163265,0,28.489795918367346
957,71.34693877551021,0,28.653061224489797
958,71.42857142857143,0,28.57142857142857
959,71.6734693877551,0,28.3265306122449
960,71.34693877551021,0,28.653061224489797
961,71.42857142857143,0,28.57142857142857
962,71.42857142857143,0,28.57142857142857
963,71.59183673469389,0,28.408163265306126
964,71.34693877551021,0,28.653061224489797
965,71.34693877551021,0,28.653061224489797
966,71.83673469387755,0,28.163265306122447
967,72,0,28.000000000000004
968,71.75510204081633,0,28.244897959183675
969,71.75510204081633,0,28.244897959183675
970,71.83673469387755,0,28.163265306122447
971,72.24489795918367,0,27.755102040816325
972,71.91836734693877,0,28.081632653061224
973,72,0,28.000000000000004
974,71.91836734693877,0,28.081632653061224
975,72.40816326530613,0,27.591836734693874
976,72.40816326530613,0,27.591836734693874
977,72.24489795918367,0,27.755102040816325
978,72.16326530612245,0,27.836734693877553
979,72.24489795918367,0,27.755102040816325
980,71.83673469387755,0,28.163265306122447
981,71.91836734693877,0,28.081632653061224
982,72,0,28.000000000000004
983,72.16326530612245,0,27.836734693877553
984,72.24489795918367,0,27.755102040816325
985,72.3265306122449,0,27.6734693877551
986,72.48979591836735,0,27.510204081632654
987,72.73469387755101,0,27.26530612244898
988,72.73469387755101,0,27.26530612244898
989,72.6530612244898,0,27.346938775510203
990,72.6530612244898,0,27.346938775510203
991,72.73469387755101,0,27.26530612244898
992,72.81632653061224,0,27.183673469387752
993,72.81632653061224,0,27.183673469387752
994,72.73469387755101,0,27.26530612244898
995,73.14285714285714,0,26.857142857142858
996,73.3061224489796,0,26.693877551020407
997,73.46938775510205,0,26.53061224489796
998,73.71428571428571,0,26.285714285714285
999,73.71428571428571,0,26.285714285714285
1000,73.79591836734693,0,26.204081632653057
1001,74.12244897959184,0,25.877551020408163
1002,73.95918367346938,0,26.040816326530614
1003,73.87755102040816,0,26.122448979591837
1004,73.87755102040816,0,26.122448979591837
1005,73.71428571428571,0,26.285714285714285
1006,73.63265306122449,0,26.36734693877551
1007,73.71428571428571,0,26.285714285714285
1008,73.38775510204081,0,26.612244897959187
1009,73.38775510204081,0,26.612244897959187
1010,73.46938775510205,0,26.53061224489796
1011,73.55102040816327,0,26.448979591836736
1012,73.63265306122449,0,26.36734693877551
1013,73.55102040816327,0,26.448979591836736
1014,73.55102040816327,0,26.448979591836736
1015,73.63265306122449,0,26.36734693877551
1016,73.63265306122449,0,26.36734693877551
1017,73.79591836734693,0,26.204081632653057
1018,74.04081632653062,0,25.95918367346939
1019,73.95918367346938,0,26.040816326530614
1020,73.63265306122449,0,26.36734693877551
1021,73.71428571428571,0,26.285714285714285
1022,73.55102040816327,0,26.448979591836736
1023,73.46938775510205,0,26.53061224489796
1024,73.22448979591837,0,26.77551020408163
1025,73.22448979591837,0,26.77551020408163
1026,73.3061224489796,0,26.693877551020407
1027,73.46938775510205,0,26.53061224489796
1028,73.38775510204081,0,26.612244897959187
1029,73.3061224489796,0,26.693877551020407
1030,73.46938775510205,0,26.53061224489796
1031,73.55102040816327,0,26.448979591836736
1032,73.22448979591837,0,26.77551020408163
1033,73.3061224489796,0,26.693877551020407
1034,73.38775510204081,0,26.612244897959187
1035,73.46938775510205,0,26.53061224489796
1036,73.38775510204081,0,26.612244897959187
1037,73.55102040816327,0,26.448979591836736
1038,73.95918367346938,0,26.040816326530614
1039,73.95918367346938,0,26.040816326530614
1040,73.71428571428571,0,26.285714285714285
1041,73.55102040816327,0,26.448979591836736
1042,73.3061224489796,0,26.693877551020407
1043,73.38775510204081,0,26.612244897959187
1044,73.14285714285714,0,26.857142857142858
1045,73.14285714285714,0,26.857142857142858
1046,73.46938775510205,0,26.53061224489796
1047,73.79591836734693,0,26.204081632653057
1048,73.55102040816327,0,26.448979591836736
1049,73.46938775510205,0,26.53061224489796
1050,73.38775510204081,0,26.612244897959187
1051,73.46938775510205,0,26.53061224489796
1052,73.06122448979592,0,26.93877551020408
1053,73.06122448979592,0,26.93877551020408
1054,73.06122448979592,0,26.93877551020408
1055,73.3061224489796,0,26.693877551020407
1056,73.14285714285714,0,26.857142857142858
1057,72.73469387755101,0,27.26530612244898
1058,73.06122448979592,0,26.93877551020408
1059,73.14285714285714,0,26.857142857142858
1060,73.06122448979592,0,26.93877551020408
1061,73.14285714285714,0,26.857142857142858
1062,73.14285714285714,0,26.857142857142858
1063,73.55102040816327,0,26.448979591836736
1064,73.46938775510205,0,26.53061224489796
1065,73.38775510204081,0,26.612244897959187
1066,73.46938775510205,0,26.53061224489796
1067,73.71428571428571,0,26.285714285714285
1068,73.71428571428571,0,26.285714285714285
1069,73.55102040816327,0,26.448979591836736
1070,73.55102040816327,0,26.448979591836736
1071,73.46938775510205,0,26.53061224489796
1072,73.46938775510205,0,26.53061224489796
1073,73.46938775510205,0,26.53061224489796
1074,73.46938775510205,0,26.53061224489796
1075,73.63265306122449,0,26.36734693877551
1076,73.71428571428571,0,26.285714285714285
1077,73.79591836734693,0,26.204081632653057
1078,73.79591836734693,0,26.204081632653057
1079,73.87755102040816,0,26.122448979591837
1080,73.63265306122449,0,26.36734693877551
1081,73.87755102040816,0,26.122448979591837
1082,73.87755102040816,0,26.122448979591837
1083,74.20408163265306,0,25.795918367346935
1084,74.12244897959184,0,25.877551020408163
1085,74.12244897959184,0,25.877551020408163
1086,74.12244897959184,0,25.877551020408163
1087,74.36734693877551,0,25.63265306122449
1088,74.12244897959184,0,25.877551020408163
1089,74.04081632653062,0,25.95918367346939
1090,74.28571428571429,0,25.71428571428571
1091,74.12244897959184,0,25.877551020408163
1092,73.95918367346938,0,26.040816326530614
1093,74.04081632653062,0,25.95918367346939
1094,73.87755102040816,0,26.122448979591837
1095,73.95918367346938,0,26.040816326530614
1096,73.55102040816327,0,26.448979591836736
1097,73.55102040816327,0,26.448979591836736
1098,73.55102040816327,0,26.448979591836736
1099,73.63265306122449,0,26.36734693877551
1100,73.38775510204081,0,26.612244897959187
1101,73.14285714285714,0,26.857142857142858
1102,73.06122448979592,0,26.93877551020408
1103,73.06122448979592,0,26.93877551020408
1104,72.6530612244898,0,27.346938775510203
1105,72.6530612244898,0,27.346938775510203
1106,72.9795918367347,0,27.02040816326531
1107,73.14285714285714,0,26.857142857142858
1108,72.9795918367347,0,27.02040816326531
1109,72.81632653061224,0,27.183673469387752
1110,72.81632653061224,0,27.183673469387752
1111,73.3061224489796,0,26.693877551020407
1112,73.14285714285714,0,26.857142857142858
1113,72.9795918367347,0,27.02040816326531
1114,72.9795918367347,0,27.02040816326531
1115,73.46938775510205,0,26.53061224489796
1116,73.46938775510205,0,26.53061224489796
1117,73.55102040816327,0,26.448979591836736
1118,73.79591836734693,0,26.204081632653057
1119,73.79591836734693,0,26.204081632653057
1120,73.55102040816327,0,26.448979591836736
1121,73.22448979591837,0,26.77551020408163
1122,73.22448979591837,0,26.77551020408163
1123,73.22448979591837,0,26.77551020408163
1124,73.06122448979592,0,26.93877551020408
1125,72.73469387755101,0,27.26530612244898
1126,72.6530612244898,0,27.346938775510203
1127,72.81632653061224,0,27.183673469387752
1128,72.6530612244898,0,27.346938775510203
1129,72.40816326530613,0,27.591836734693874
1130,72.48979591836735,0,27.510204081632654
1131,72.57142857142857,0,27.42857142857143
1132,72.6530612244898,0,27.346938775510203
1133,72.6530612244898,0,27.346938775510203
1134,72.73469387755101,0,27.26530612244898
1135,72.73469387755101,0,27.26530612244898
1136,72.48979591836735,0,27.510204081632654
1137,72.48979591836735,0,27.510204081632654
1138,72.6530612244898,0,27.346938775510203
1139,72.73469387755101,0,27.26530612244898
1140,72.57142857142857,0,27.42857142857143
1141,72.16326530612245,0,27.836734693877553
1142,72.3265306122449,0,27.6734693877551
1143,72.40816326530613,0,27.591836734693874
1144,72.08163265306122,0,27.918367346938776
1145,72.24489795918367,0,27.755102040816325
1146,72.16326530612245,0,27.836734693877553
1147,72.40816326530613,0,27.591836734693874
1148,72.16326530612245,0,27.836734693877553
1149,72.16326530612245,0,27.836734693877553
1150,72.48979591836735,0,27.510204081632654
1151,72.81632653061224,0,27.183673469387752
1152,72.6530612244898,0,27.346938775510203
1153,72.81632653061224,0,27.183673469387752
1154,72.81632653061224,0,27.183673469387752
1155,72.73469387755101,0,27.26530612244898
1156,72.6530612244898,0,27.346938775510203
1157,72.6530612244898,0,27.346938775510203
1158,72.89795918367346,0,27.10204081632653
1159,72.89795918367346,0,27.10204081632653
1160,72.9795918367347,0,27.02040816326531
1161,72.9795918367347,0,27.02040816326531
1162,73.06122448979592,0,26.93877551020408
1163,73.06122448979592,0,26.93877551020408
1164,72.81632653061224,0,27.183673469387752
1165,73.14285714285714,0,26.857142857142858
1166,73.38775510204081,0,26.612244897959187
1167,73.46938775510205,0,26.53061224489796
1168,73.3061224489796,0,26.693877551020407
1169,73.22448979591837,0,26.77551020408163
1170,73.38775510204081,0,26.612244897959187
1171,73.38775510204081,0,26.612244897959187
1172,73.38775510204081,0,26.612244897959187
1173,73.14285714285714,0,26.857142857142858
1174,73.14285714285714,0,26.857142857142858
1175,73.22448979591837,0,26.77551020408163
1176,72.81632653061224,0,27.183673469387752
1177,72.9795918367347,0,27.02040816326531
1178,72.9795918367347,0,27.02040816326531
1179,72.9795918367347,0,27.02040816326531
1180,72.89795918367346,0,27.10204081632653
1181,72.9795918367347,0,27.02040816326531
1182,72.89795918367346,0,27.10204081632653
1183,73.3061224489796,0,26.693877551020407
1184,73.3061224489796,0,26.693877551020407
1185,73.22448979591837,0,26.77551020408163
1186,73.38775510204081,0,26.612244897959187
1187,73.63265306122449,0,26.36734693877551
1188,73.3061224489796,0,26.693877551020407
1189,73.3061224489796,0,26.693877551020407
1190,73.55102040816327,0,26.448979591836736
1191,73.46938775510205,0,26.53061224489796
1192,73.3061224489796,0,26.693877551020407
1193,73.22448979591837,0,26.77551020408163
1194,73.55102040816327,0,26.448979591836736
1195,73.55102040816327,0,26.448979591836736
1196,72.9795918367347,0,27.02040816326531
1197,73.14285714285714,0,26.857142857142858
1198,73.22448979591837,0,26.77551020408163
1199,73.38775510204081,0,26.612244897959187
1200,73.46938775510205,0,26.53061224489796
1201,73.55102040816327,0,26.448979591836736
1202,73.79591836734693,0,26.204081632653057
1203,73.87755102040816,0,26.122448979591837
1204,73.63265306122449,0,26.36734693877551
1205,73.71428571428571,0,26.285714285714285
1206,73.71428571428571,0,26.285714285714285
1207,73.63265306122449,0,26.36734693877551
1208,73.22448979591837,0,26.77551020408163
1209,73.14285714285714,0,26.857142857142858
1210,73.06122448979592,0,26.93877551020408
1211,73.06122448979592,0,26.93877551020408
1212,72.9795918367347,0,27.02040816326531
1213,73.06122448979592,0,26.93877551020408
1214,73.06122448979592,0,26.93877551020408
1215,73.14285714285714,0,26.857142857142858
1216,73.14285714285714,0,26.857142857142858
1217,73.06122448979592,0,26.93877551020408
1218,73.06122448979592,0,26.93877551020408
1219,73.3061224489796,0,26.693877551020407
1220,73.14285714285714,0,26.857142857142858
1221,73.22448979591837,0,26.77551020408163
1222,73.22448979591837,0,26.77551020408163
1223,73.3061224489796,0,26.693877551020407
1224,73.3061224489796,0,26.693877551020407
1225,73.46938775510205,0,26.53061224489796
1226,73.22448979591837,0,26.77551020408163
1227,73.46938775510205,0,26.53061224489796
1228,73.38775510204081,0,26.612244897959187
1229,73.22448979591837,0,26.77551020408163
1230,73.22448979591837,0,26.77551020408163
1231,73.22448979591837,0,26.77551020408163
1232,73.06122448979592,0,26.93877551020408
1233,72.89795918367346,0,27.10204081632653
1234,72.9795918367347,0,27.02040816326531
1235,72.89795918367346,0,27.10204081632653
1236,72.6530612244898,0,27.346938775510203
1237,72.57142857142857,0,27.42857142857143
1238,72.89795918367346,0,27.10204081632653
1239,72.89795918367346,0,27.10204081632653
1240,72.57142857142857,0,27.42857142857143
1241,72.57142857142857,0,27.42857142857143
1242,72.6530612244898,0,27.346938775510203
1243,72.73469387755101,0,27.26530612244898
1244,72.81632653061224,0,27.183673469387752
1245,72.6530612244898,0,27.346938775510203
1246,72.6530612244898,0,27.346938775510203
1247,73.06122448979592,0,26.93877551020408
1248,72.81632653061224,0,27.183673469387752
1249,72.81632653061224,0,27.183673469387752
1250,72.73469387755101,0,27.26530612244898
1251,72.81632653061224,0,27.183673469387752
1252,72.9795918367347,0,27.02040816326531
1253,73.06122448979592,0,26.93877551020408
1254,72.89795918367346,0,27.10204081632653
1255,73.14285714285714,0,26.857142857142858
1256,72.89795918367346,0,27.10204081632653
1257,72.73469387755101,0,27.26530612244898
1258,72.73469387755101,0,27.26530612244898
1259,72.81632653061224,0,27.183673469387752
1260,72.40816326530613,0,27.591836734693874
1261,72.6530612244898,0,27.346938775510203
1262,72.73469387755101,0,27.26530612244898
1263,72.73469387755101,0,27.26530612244898
1264,72.57142857142857,0,27.42857142857143
1265,72.6530612244898,0,27.346938775510203
1266,72.81632653061224,0,27.183673469387752
1267,72.9795918367347,0,27.02040816326531
1268,72.6530612244898,0,27.346938775510203
1269,72.73469387755101,0,27.26530612244898
1270,72.6530612244898,0,27.346938775510203
1271,72.73469387755101,0,27.26530612244898
1272,72.57142857142857,0,27.42857142857143
1273,72.73469387755101,0,27.26530612244898
1274,72.89795918367346,0,27.10204081632653
1275,72.89795918367346,0,27.10204081632653
1276,72.81632653061224,0,27.183673469387752
1277,72.9795918367347,0,27.02040816326531
1278,73.06122448979592,0,26.93877551020408
1279,73.22448979591837,0,26.77551020408163
1280,73.14285714285714,0,26.857142857142858
1281,73.38775510204081,0,26.612244897959187
1282,73.55102040816327,0,26.448979591836736
1283,73.95918367346938,0,26.040816326530614
1284,73.79591836734693,0,26.204081632653057
1285,73.79591836734693,0,26.204081632653057
1286,73.71428571428571,0,26.285714285714285
1287,73.87755102040816,0,26.122448979591837
1288,73.95918367346938,0,26.040816326530614
1289,73.87755102040816,0,26.122448979591837
1290,73.87755102040816,0,26.122448979591837
1291,73.95918367346938,0,26.040816326530614
1292,73.46938775510205,0,26.53061224489796
1293,73.71428571428571,0,26.285714285714285
1294,73.79591836734693,0,26.204081632653057
1295,73.95918367346938,0,26.040816326530614
1296,73.95918367346938,0,26.040816326530614
1297,73.95918367346938,0,26.040816326530614
1298,74.12244897959184,0,25.877551020408163
1299,74.44897959183675,0,25.551020408163268
1300,74.44897959183675,0,25.551020408163268
1301,74.53061224489797,0,25.46938775510204
1302,74.36734693877551,0,25.63265306122449
1303,74.44897959183675,0,25.551020408163268
1304,74.20408163265306,0,25.795918367346935
1305,74.20408163265306,0,25.795918367346935
1306,74.36734693877551,0,25.63265306122449
1307,74.36734693877551,0,25.63265306122449
1308,74.20408163265306,0,25.795918367346935
1309,74.12244897959184,0,25.877551020408163
1310,74.20408163265306,0,25.795918367346935
1311,74.44897959183675,0,25.551020408163268
1312,74.36734693877551,0,25.63265306122449
1313,74.36734693877551,0,25.63265306122449
1314,74.28571428571429,0,25.71428571428571
1315,74.20408163265306,0,25.795918367346935
1316,73.95918367346938,0,26.040816326530614
1317,73.71428571428571,0,26.285714285714285
1318,73.46938775510205,0,26.53061224489796
1319,73.46938775510205,0,26.53061224489796
1320,73.3061224489796,0,26.693877551020407
1321,73.22448979591837,0,26.77551020408163
1322,73.06122448979592,0,26.93877551020408
1323,73.22448979591837,0,26.77551020408163
1324,72.9795918367347,0,27.02040816326531
1325,72.9795918367347,0,27.02040816326531
1326,73.06122448979592,0,26.93877551020408
1327,73.22448979591837,0,26.77551020408163
1328,73.14285714285714,0,26.857142857142858
1329,73.14285714285714,0,26.857142857142858
1330,73.38775510204081,0,26.612244897959187
1331,73.3061224489796,0,26.693877551020407
1332,73.06122448979592,0,26.93877551020408
1333,72.9795918367347,0,27.02040816326531
1334,73.22448979591837,0,26.77551020408163
1335,73.22448979591837,0,26.77551020408163
1336,72.89795918367346,0,27.10204081632653
1337,73.06122448979592,0,26.93877551020408
1338,73.22448979591837,0,26.77551020408163
1339,73.38775510204081,0,26.612244897959187
1340,73.14285714285714,0,26.857142857142858
1341,73.38775510204081,0,26.612244897959187
1342,73.46938775510205,0,26.53061224489796
1343,73.38775510204081,0,26.612244897959187
1344,72.9795918367347,0,27.02040816326531
1345,73.14285714285714,0,26.857142857142858
1346,73.22448979591837,0,26.77551020408163
1347,73.71428571428571,0,26.285714285714285
1348,73.55102040816327,0,26.448979591836736
1349,73.63265306122449,0,26.36734693877551
1350,73.95918367346938,0,26.040816326530614
1351,74.12244897959184,0,25.877551020408163
1352,74.20408163265306,0,25.795918367346935
1353,74.20408163265306,0,25.795918367346935
1354,74.12244897959184,0,25.877551020408163
1355,74.20408163265306,0,25.795918367346935
1356,73.95918367346938,0,26.040816326530614
1357,73.95918367346938,0,26.040816326530614
1358,74.04081632653062,0,25.95918367346939
1359,74.20408163265306,0,25.795918367346935
1360,74.04081632653062,0,25.95918367346939
1361,73.87755102040816,0,26.122448979591837
1362,73.63265306122449,0,26.36734693877551
1363,73.55102040816327,0,26.448979591836736
1364,73.38775510204081,0,26.612244897959187
1365,73.38775510204081,0,26.612244897959187
1366,73.38775510204081,0,26.612244897959187
1367,73.63265306122449,0,26.36734693877551
1368,73.14285714285714,0,26.857142857142858
1369,73.22448979591837,0,26.77551020408163
1370,73.3061224489796,0,26.693877551020407
1371,73.3061224489796,0,26.693877551020407
1372,73.22448979591837,0,26.77551020408163
1373,73.46938775510205,0,26.53061224489796
1374,73.79591836734693,0,26.204081632653057
1375,73.79591836734693,0,26.204081632653057
1376,73.71428571428571,0,26.285714285714285
1377,73.55102040816327,0,26.448979591836736
1378,73.71428571428571,0,26.285714285714285
1379,73.71428571428571,0,26.285714285714285
1380,73.55102040816327,0,26.448979591836736
1381,73.55102040816327,0,26.448979591836736
1382,73.46938775510205,0,26.53061224489796
1383,73.55102040816327,0,26.448979591836736
1384,73.46938775510205,0,26.53061224489796
1385,73.46938775510205,0,26.53061224489796
1386,73.55102040816327,0,26.448979591836736
1387,73.46938775510205,0,26.53061224489796
1388,73.46938775510205,0,26.53061224489796
1389,73.46938775510205,0,26.53061224489796
1390,73.46938775510205,0,26.53061224489796
1391,73.46938775510205,0,26.53061224489796
1392,73.22448979591837,0,26.77551020408163
1393,73.14285714285714,0,26.857142857142858
1394,73.22448979591837,0,26.77551020408163
1395,73.3061224489796,0,26.693877551020407
1396,72.9795918367347,0,27.02040816326531
1397,73.06122448979592,0,26.93877551020408
1398,73.06122448979592,0,26.93877551020408
1399,73.3061224489796,0,26.693877551020407
1400,73.22448979591837,0,26.77551020408163
1401,73.46938775510205,0,26.53061224489796
1402,73.55102040816327,0,26.448979591836736
1403,73.71428571428571,0,26.285714285714285
1404,73.38775510204081,0,26.612244897959187
1405,73.46938775510205,0,26.53061224489796
1406,73.38775510204081,0,26.612244897959187
1407,73.46938775510205,0,26.53061224489796
1408,73.3061224489796,0,26.693877551020407
1409,73.3061224489796,0,26.693877551020407
1410,73.3061224489796,0,26.693877551020407
1411,73.38775510204081,0,26.612244897959187
1412,72.89795918367346,0,27.10204081632653
1413,73.06122448979592,0,26.93877551020408
1414,73.06122448979592,0,26.93877551020408
1415,73.38775510204081,0,26.612244897959187
1416,72.9795918367347,0,27.02040816326531
1417,73.06122448979592,0,26.93877551020408
1418,73.14285714285714,0,26.857142857142858
1419,73.06122448979592,0,26.93877551020408
1420,72.81632653061224,0,27.183673469387752
1421,72.6530612244898,0,27.346938775510203
1422,72.89795918367346,0,27.10204081632653
1423,73.06122448979592,0,26.93877551020408
1424,72.9795918367347,0,27.02040816326531
1425,72.89795918367346,0,27.10204081632653
1426,72.89795918367346,0,27.10204081632653
1427,72.9795918367347,0,27.02040816326531
1428,72.89795918367346,0,27.10204081632653
1429,72.81632653061224,0,27.183673469387752
1430,72.89795918367346,0,27.10204081632653
1431,73.06122448979592,0,26.93877551020408
1432,72.81632653061224,0,27.183673469387752
1433,72.81632653061224,0,27.183673469387752
1434,72.9795918367347,0,27.02040816326531
1435,72.81632653061224,0,27.183673469387752
1436,72.57142857142857,0,27.42857142857143
1437,72.48979591836735,0,27.510204081632654
1438,72.48979591836735,0,27.510204081632654
1439,72.81632653061224,0,27.183673469387752
1440,72.40816326530613,0,27.591836734693874
1441,72.6530612244898,0,27.346938775510203
1442,72.6530612244898,0,27.346938775510203
1443,72.9795918367347,0,27.02040816326531
1444,72.6530612244898,0,27.346938775510203
1445,72.73469387755101,0,27.26530612244898
1446,72.73469387755101,0,27.26530612244898
1447,72.9795918367347,0,27.02040816326531
1448,73.14285714285714,0,26.857142857142858
1449,72.81632653061224,0,27.183673469387752
1450,72.81632653061224,0,27.183673469387752
1451,73.22448979591837,0,26.77551020408163
1452,73.06122448979592,0,26.93877551020408
1453,72.89795918367346,0,27.10204081632653
1454,73.14285714285714,0,26.857142857142858
1455,73.3061224489796,0,26.693877551020407
1456,72.9795918367347,0,27.02040816326531
1457,72.89795918367346,0,27.10204081632653
1458,73.06122448979592,0,26.93877551020408
1459,73.14285714285714,0,26.857142857142858
1460,72.89795918367346,0,27.10204081632653
1461,72.9795918367347,0,27.02040816326531
1462,72.89795918367346,0,27.10204081632653
1463,73.38775510204081,0,26.612244897959187
1464,73.06122448979592,0,26.93877551020408
1465,73.22448979591837,0,26.77551020408163
1466,73.63265306122449,0,26.36734693877551
1467,73.87755102040816,0,26.122448979591837
1468,73.71428571428571,0,26.285714285714285
1469,73.71428571428571,0,26.285714285714285
1470,73.63265306122449,0,26.36734693877551
1471,73.71428571428571,0,26.285714285714285
1472,73.38775510204081,0,26.612244897959187
1473,73.55102040816327,0,26.448979591836736
1474,73.3061224489796,0,26.693877551020407
1475,73.46938775510205,0,26.53061224489796
1476,73.55102040816327,0,26.448979591836736
1477,73.55102040816327,0,26.448979591836736
1478,73.38775510204081,0,26.612244897959187
1479,73.46938775510205,0,26.53061224489796
1480,73.22448979591837,0,26.77551020408163
1481,73.22448979591837,0,26.77551020408163
1482,73.3061224489796,0,26.693877551020407
1483,73.14285714285714,0,26.857142857142858
1484,73.06122448979592,0,26.93877551020408
1485,73.22448979591837,0,26.77551020408163
1486,73.3061224489796,0,26.693877551020407
1487,73.22448979591837,0,26.77551020408163
1488,73.06122448979592,0,26.93877551020408
1489,72.89795918367346,0,27.10204081632653
1490,72.73469387755101,0,27.26530612244898
1491,72.81632653061224,0,27.183673469387752
1492,72.73469387755101,0,27.26530612244898
1493,72.81632653061224,0,27.183673469387752
1494,72.9795918367347,0,27.02040816326531
1495,73.22448979591837,0,26.77551020408163
1496,73.14285714285714,0,26.857142857142858
1497,73.46938775510205,0,26.53061224489796
1498,73.71428571428571,0,26.285714285714285
1499,73.79591836734693,0,26.204081632653057
1500,73.55102040816327,0,26.448979591836736
1501,73.46938775510205,0,26.53061224489796
1502,73.55102040816327,0,26.448979591836736
1503,73.46938775510205,0,26.53061224489796
1504,73.14285714285714,0,26.857142857142858
1505,73.3061224489796,0,26.693877551020407
1506,73.3061224489796,0,26.693877551020407
1507,73.46938775510205,0,26.53061224489796
1508,73.46938775510205,0,26.53061224489796
1509,73.38775510204081,0,26.612244897959187
1510,73.3061224489796,0,26.693877551020407
1511,73.46938775510205,0,26.53061224489796
1512,73.38775510204081,0,26.612244897959187
1513,73.3061224489796,0,26.693877551020407
1514,73.14285714285714,0,26.857142857142858
1515,73.38775510204081,0,26.612244897959187
1516,73.3061224489796,0,26.693877551020407
1517,73.38775510204081,0,26.612244897959187
1518,73.55102040816327,0,26.448979591836736
1519,73.71428571428571,0,26.285714285714285
1520,73.38775510204081,0,26.612244897959187
1521,73.55102040816327,0,26.448979591836736
1522,73.71428571428571,0,26.285714285714285
1523,73.95918367346938,0,26.040816326530614
1524,73.79591836734693,0,26.204081632653057
1525,73.79591836734693,0,26.204081632653057
1526,73.63265306122449,0,26.36734693877551
1527,73.71428571428571,0,26.285714285714285
1528,73.3061224489796,0,26.693877551020407
1529,73.22448979591837,0,26.77551020408163
1530,73.22448979591837,0,26.77551020408163
1531,73.22448979591837,0,26.77551020408163
1532,73.06122448979592,0,26.93877551020408
1533,72.9795918367347,0,27.02040816326531
1534,73.06122448979592,0,26.93877551020408
1535,73.14285714285714,0,26.857142857142858
1536,72.73469387755101,0,27.26530612244898
1537,72.89795918367346,0,27.10204081632653
1538,72.9795918367347,0,27.02040816326531
1539,73.06122448979592,0,26.93877551020408
1540,72.81632653061224,0,27.183673469387752
1541,72.73469387755101,0,27.26530612244898
1542,72.81632653061224,0,27.183673469387752
1543,72.9795918367347,0,27.02040816326531
1544,72.9795918367347,0,27.02040816326531
1545,72.89795918367346,0,27.10204081632653
1546,72.9795918367347,0,27.02040816326531
1547,73.22448979591837,0,26.77551020408163
1548,72.89795918367346,0,27.10204081632653
1549,73.06122448979592,0,26.93877551020408
1550,73.22448979591837,0,26.77551020408163
1551,73.38775510204081,0,26.612244897959187
1552,72.9795918367347,0,27.02040816326531
1553,72.9795918367347,0,27.02040816326531
1554,73.06122448979592,0,26.93877551020408
1555,73.22448979591837,0,26.77551020408163
1556,73.06122448979592,0,26.93877551020408
1557,73.06122448979592,0,26.93877551020408
1558,73.22448979591837,0,26.77551020408163
1559,73.63265306122449,0,26.36734693877551
1560,73.22448979591837,0,26.77551020408163
1561,73.14285714285714,0,26.857142857142858
1562,73.06122448979592,0,26.93877551020408
1563,73.22448979591837,0,26.77551020408163
1564,72.6530612244898,0,27.346938775510203
1565,72.73469387755101,0,27.26530612244898
1566,72.81632653061224,0,27.183673469387752
1567,72.89795918367346,0,27.10204081632653
1568,72.48979591836735,0,27.510204081632654
1569,72.48979591836735,0,27.510204081632654
1570,72.81632653061224,0,27.183673469387752
1571,73.14285714285714,0,26.857142857142858
1572,72.89795918367346,0,27.10204081632653
1573,72.81632653061224,0,27.183673469387752
1574,72.89795918367346,0,27.10204081632653
1575,73.14285714285714,0,26.857142857142858
1576,72.81632653061224,0,27.183673469387752
1577,72.73469387755101,0,27.26530612244898
1578,72.73469387755101,0,27.26530612244898
1579,72.81632653061224,0,27.183673469387752
1580,72.48979591836735,0,27.510204081632654
1581,72.24489795918367,0,27.755102040816325
1582,72.3265306122449,0,27.6734693877551
1583,72.57142857142857,0,27.42857142857143
1584,72.40816326530613,0,27.591836734693874
1585,72.40816326530613,0,27.591836734693874
1586,72.40816326530613,0,27.591836734693874
1587,72.89795918367346,0,27.10204081632653
1588,72.73469387755101,0,27.26530612244898
1589,72.6530612244898,0,27.346938775510203
1590,72.81632653061224,0,27.183673469387752
1591,73.14285714285714,0,26.857142857142858
1592,73.06122448979592,0,26.93877551020408
1593,73.14285714285714,0,26.857142857142858
1594,73.06122448979592,0,26.93877551020408
1595,73.14285714285714,0,26.857142857142858
1596,73.14285714285714,0,26.857142857142858
1597,72.81632653061224,0,27.183673469387752
1598,72.9795918367347,0,27.02040816326531
1599,73.06122448979592,0,26.93877551020408
1600,72.81632653061224,0,27.183673469387752
1601,72.89795918367346,0,27.10204081632653
1602,73.06122448979592,0,26.93877551020408
1603,73.46938775510205,0,26.53061224489796
1604,73.3061224489796,0,26.693877551020407
1605,73.63265306122449,0,26.36734693877551
1606,73.63265306122449,0,26.36734693877551
1607,73.71428571428571,0,26.285714285714285
1608,73.55102040816327,0,26.448979591836736