"ticks","recyclers","wastefuls"
0,25,25
1,25,25
2,25,25
3,25,25
4,25,25
5,25,25
6,25,25
7,25,25
8,25,25
9,25,25
10,25,25
11,25,25
12,25,25
13,25,25
14,25,25
15,25,25
16,25,25
17,25,25
18,25,25
19,25,25
20,25,25
21,25,25
22,25,25
23,25,25
24,25,25
25,25,25
26,25,25
27,25,25
28,25,25
29,25,25
30,25,25
31,25,25
32,25,25
33,25,25
34,25,25
35,25,25
36,25,25
37,25,25
38,25,25
39,25,25
40,25,25
41,25,25
42,25,25
43,25,25
44,25,25
45,25,25
46,25,25
47,25,25
48,25,25
49,25,25
50,25,25
51,25,25
52,25,25
53,25,25
54,25,25
55,25,25
56,25,25
57,25,25
58,25,25
59,25,25
60,25,25
61,25,25
62,25,25
63,25,25
64,25,25
65,25,25
66,25,25
67,25,25
68,25,25
69,25,25
70,25,25
71,25,25
72,25,25
73,25,25
74,25,25
75,25,25
76,25,25
77,25,25
78,25,25
79,25,25
80,25,25
81,25,25
82,25,25
83,25,25
84,25,25
85,25,25
86,25,25
87,25,25
88,25,25
89,25,25
90,25,25
91,25,25
92,25,25
93,25,25
94,25,25
95,25,25
96,25,25
97,25,25
98,25,25
99,25,25
100,25,25
101,25,25
102,25,25
103,25,25
104,25,25
105,25,25
106,25,25
107,25,25
108,25,25
109,25,25
110,25,25
111,25,25
112,25,25
113,25,25
114,25,25
115,25,25
116,25,25
117,25,25
118,25,25
119,25,25
120,25,25
121,25,25
122,25,25
123,25,25
124,25,25
125,25,25
126,25,25
127,25,25
128,25,25
129,25,25
130,25,25
131,25,25
132,25,25
133,25,25
134,25,25
135,25,25
136,25,25
137,25,25
138,25,25
139,25,25
140,25,25
141,25,25
142,25,25
143,25,25
144,25,25
145,25,25
146,25,25
147,25,25
148,25,25
149,25,25
150,25,25
151,25,25
152,25,25
153,25,25
154,25,25
155,25,25
156,25,25
157,25,25
158,25,25
159,25,25
160,25,25
161,25,25
162,25,25
163,25,25
164,25,25
165,25,25
166,25,25
167,25,25
168,25,25
169,25,25
170,25,25
171,25,25
172,25,25
173,25,25
174,25,25
175,25,25
176,25,25
177,25,25
178,25,25
179,25,25
180,25,25
181,25,25
182,25,25
183,24,25
184,24,25
185,24,25
186,24,25
187,24,25
188,24,25
189,24,25
190,24,25
191,24,25
192,24,25
193,24,25
194,24,25
195,24,25
196,24,25
197,24,25
198,24,25
199,24,25
200,24,25
201,24,25
202,24,25
203,24,25
204,24,25
205,24,25
206,24,25
207,24,25
208,24,25
209,24,25
210,24,25
211,24,25
212,24,25
213,24,25
214,24,25
215,24,25
216,24,25
217,24,25
218,24,25
219,24,25
220,24,25
221,24,25
222,24,25
223,24,25
224,24,25
225,24,25
226,24,25
227,24,25
228,24,25
229,24,25
230,24,25
231,24,25
232,24,25
233,24,25
234,24,25
235,24,25
236,24,25
237,24,25
238,24,25
239,24,25
240,24,25
241,23,25
242,23,24
243,23,24
244,23,24
245,23,24
246,23,24
247,23,24
248,23,24
249,23,24
250,23,24
251,23,24
252,22,24
253,22,24
254,22,24
255,22,24
256,22,24
257,22,24
258,22,24
259,22,24
260,22,24
261,22,24
262,22,24
263,21,24
264,21,24
265,21,24
266,21,24
267,21,24
268,21,24
269,21,24
270,21,24
271,21,24
272,21,24
273,21,24
274,21,24
275,21,24
276,21,24
277,21,24
278,21,24
279,21,24
280,21,24
281,21,24
282,20,23
283,20,23
284,20,23
285,20,23
286,20,23
287,19,23
288,19,23
289,19,23
290,19,23
291,19,23
292,19,23
293,19,23
294,19,23
295,19,23
296,19,23
297,19,23
298,19,23
299,19,23
300,19,23
301,19,23
302,19,23
303,19,23
304,19,23
305,19,23
306,19,23
307,19,23
308,19,23
309,19,23
310,18,23
311,18,23
312,18,23
313,18,23
314,18,23
315,18,23
316,17,22
317,17,22
318,17,22
319,17,22
320,17,22
321,17,22
322,17,22
323,17,22
324,17,22
325,17,22
326,16,22
327,16,22
328,16,22
329,16,22
330,16,22
331,16,22
332,16,22
333,16,22
334,16,22
335,16,22
336,16,22
337,16,22
338,16,22
339,16,22
340,16,22
341,16,22
342,16,22
343,16,22
344,16,22
345,16,22
346,16,22
347,16,22
348,16,22
349,16,22
350,16,22
351,16,22
352,16,22
353,16,22
354,16,22
355,16,22
356,16,22
357,16,22
358,16,22
359,16,22
360,16,22
361,16,22
362,16,22
363,16,22
364,16,22
365,16,22
366,16,22
367,16,22
368,16,22
369,16,22
370,16,22
371,16,22
372,16,22
373,16,22
374,16,22
375,16,22
376,16,22
377,15,22
378,15,22
379,15,22
380,15,21
381,15,21
382,15,21
383,15,21
384,15,20
385,14,20
386,14,20
387,13,20
388,13,20
389,13,20
390,13,20
391,12,20
392,12,19
393,12,19
394,12,19
395,12,19
396,12,19
397,12,19
398,12,18
399,12,18
400,12,18
401,12,18
402,12,18
403,12,18
404,12,18
405,12,18
406,12,18
407,12,18
408,12,18
409,12,18
410,11,18
411,11,18
412,11,18
413,11,18
414,11,18
415,11,18
416,10,18
417,10,18
418,10,18
419,10,18
420,10,18
421,10,18
422,10,18
423,10,18
424,10,18
425,10,18
426,10,18
427,10,18
428,10,18
429,10,18
430,10,18
431,10,18
432,10,18
433,10,18
434,10,18
435,9,18
436,9,18
437,9,18
438,9,18
439,9,18
440,9,18
441,9,18
442,9,18
443,9,18
444,9,18
445,9,18
446,9,18
447,9,18
448,9,18
449,9,18
450,9,18
451,9,18
452,9,18
453,9,18
454,9,18
455,9,18
456,9,18
457,9,18
458,9,18
459,9,18
460,9,18
461,9,18
462,9,18
463,9,18
464,9,18
465,8,18
466,8,18
467,8,18
468,8,18
469,8,18
470,8,18
471,8,18
472,8,18
473,8,18
474,8,18
475,8,18
476,8,18
477,8,18
478,8,18
479,8,18
480,8,18
481,8,18
482,8,18
483,8,18
484,8,18
485,8,18
486,8,18
487,7,18
488,7,18
489,7,18
490,7,18
491,7,18
492,7,18
493,7,18
494,7,18
495,7,18
496,7,18
497,7,18
498,7,18
499,7,18
500,7,18
501,7,18
502,7,18
503,7,18
504,7,17
505,7,17
506,7,17
507,7,17
508,7,17
509,7,17
510,7,17
511,7,17
512,7,17
513,7,17
514,7,16
515,7,16
516,7,16
517,7,16
518,7,16
519,7,16
520,7,16
521,7,16
522,7,16
523,7,16
524,6,16
525,6,16
526,6,16
527,6,16
528,6,16
529,6,16
530,6,16
531,6,16
532,6,16
533,6,16
534,6,16
535,6,16
536,6,16
537,6,16
538,6,16
539,6,16
540,6,16
541,6,16
542,6,16
543,6,16
544,6,16
545,6,16
546,6,16
547,6,16
548,6,16
549,6,16
550,6,16
551,6,16
552,6,16
553,6,16
554,6,16
555,6,16
556,6,16
557,6,16
558,6,16
559,6,16
560,6,15
561,6,15
562,5,15
563,5,15
564,5,15
565,5,15
566,5,15
567,5,15
568,5,14
569,5,14
570,5,14
571,5,14
572,5,14
573,5,14
574,5,14
575,5,14
576,5,14
577,5,14
578,5,14
579,5,14
580,5,14
581,5,14
582,5,14
583,5,14
584,5,14
585,5,14
586,5,14
587,5,14
588,5,14
589,5,14
590,5,14
591,5,14
592,5,14
593,5,14
594,5,13
595,5,13
596,5,13
597,5,13
598,5,13
599,5,13
600,5,13
601,5,13
602,5,13
603,5,13
604,5,13
605,4,13
606,4,13
607,4,13
608,4,13
609,4,13
610,4,13
611,4,13
612,4,13
613,4,13
614,4,13
615,4,13
616,4,13
617,4,13
618,4,13
619,4,13
620,4,13
621,4,13
622,4,13
623,4,13
624,4,13
625,4,13
626,4,13
627,4,13
628,4,13
629,4,13
630,4,13
631,4,13
632,4,13
633,4,13
634,3,13
635,3,13
636,3,13
637,3,13
638,3,13
639,3,13
640,3,12
641,3,12
642,3,12
643,3,12
644,3,12
645,3,12
646,3,12
647,3,12
648,3,12
649,3,12
650,2,12
651,2,12
652,2,12
653,2,12
654,2,12
655,2,12
656,2,12
657,2,12
658,2,12
659,2,12
660,2,12
661,2,12
662,2,11
663,2,11
664,2,11
665,2,11
666,1,11
667,1,11
668,1,11
669,1,11
670,1,11
671,1,11
672,1,11
673,1,11
674,1,10
675,1,10
676,1,10
677,1,10
678,1,10
679,1,10
680,1,10
681,1,10
682,1,10
683,1,10
684,1,10
685,1,10
686,1,10
687,1,10
688,1,9
689,1,9
690,1,9
691,1,9
692,1,9
693,1,9
694,1,9
695,1,9
696,1,9
697,1,9
698,1,9
699,1,9
700,1,8
701,1,8
702,1,8
703,1,8
704,1,8
705,1,8
706,1,8
707,1,8
708,1,8
709,1,8
710,1,8
711,1,8
712,1,8
713,1,8
714,1,8
715,1,8
716,1,8
717,1,8
718,1,8
719,1,8
720,1,8
721,1,8
722,1,8
723,1,8
724,1,8
725,1,8
726,1,8
727,1,8
728,1,8
729,1,8
730,1,8
731,1,8
732,1,8
733,1,8
734,1,8
735,1,8
736,1,8
737,1,8
738,1,8
739,1,8
740,1,8
741,1,8
742,1,8
743,1,8
744,1,8
745,1,8
746,1,8
747,1,8
748,1,7
749,1,7
750,1,7
751,1,7
752,1,7
753,1,7
754,1,7
755,1,7
756,1,7
757,1,7
758,1,7
759,1,7
760,1,7
761,1,7
762,1,7
763,1,7
764,1,7
765,1,7
766,1,7
767,1,7
768,1,7
769,1,7
770,1,7
771,1,7
772,1,7
773,1,7
774,1,7
775,1,7
776,1,7
777,1,7
778,1,7
779,1,7
780,1,7
781,1,7
782,1,7
783,1,7
784,1,6
785,1,6
786,1,6
787,1,6
788,1,6
789,1,6
790,1,6
791,1,6
792,1,6
793,1,6
794,1,6
795,1,6
796,1,6
797,1,6
798,1,6
799,1,6
800,1,6
801,1,6
802,1,6
803,1,6
804,1,6
805,1,6
806,1,6
807,1,6
808,1,6
809,1,6
810,1,6
811,1,6
812,1,6
813,1,6
814,1,6
815,1,6
816,1,6
817,1,6
818,1,5
819,1,5
820,1,5
821,1,5
822,1,5
823,1,5
824,1,5
825,1,5
826,1,5
827,1,5
828,1,5
829,1,5
830,1,5
831,1,5
832,1,5
833,1,5
834,1,4
835,1,4
836,1,4
837,1,4
838,1,4
839,1,4
840,1,4
841,1,4
842,1,4
843,1,4
844,1,4
845,1,4
846,1,4
847,1,4
848,1,4
849,1,4
850,1,4
851,1,4
852,1,4
853,1,4
854,1,4
855,1,4
856,1,4
857,1,4
858,1,4
859,1,4
860,1,4
861,1,4
862,1,3
863,1,3
864,1,3
865,1,3
866,1,3
867,1,3
868,1,3
869,1,3
870,1,3
871,1,3
872,1,3
873,1,3
874,1,3
875,1,3
876,1,3
877,1,3
878,1,3
879,1,3
880,1,3
881,1,3
882,1,3
883,1,3
884,1,3
885,1,3
886,1,2
887,1,2
888,1,2
889,1,2
890,1,2
891,1,2
892,1,2
893,1,2
894,1,2
895,1,2
896,1,2
897,1,2
898,1,2
899,1,2
900,1,2
901,1,2
902,1,2
903,1,2
904,1,2
905,1,2
906,1,2
907,1,2
908,1,2
909,1,2
910,1,2
911,1,2
912,1,2
913,1,2
914,1,2
915,1,2
916,1,2
917,1,2
918,1,2
919,1,2
920,1,2
921,1,2
922,1,2
923,1,2
924,1,2
925,1,2
926,1,2
927,1,2
928,1,2
929,1,2
930,1,2
931,1,2
932,1,2
933,1,2
934,1,2
935,1,2
936,1,2
937,1,2
938,1,2
939,1,2
940,1,2
941,1,2
942,1,2
943,1,2
944,1,2
945,1,2
946,1,2
947,1,2
948,1,2
949,1,2
950,1,2
951,1,2
952,1,2
953,1,2
954,1,2
955,1,2
956,1,2
957,1,2
958,1,2
959,1,2
960,1,2
961,1,2
962,1,2
963,1,2
964,1,2
965,1,2
966,1,2
967,1,2
968,1,2
969,1,2
970,1,2
971,1,2
972,1,2
973,1,2
974,1,2
975,1,2
976,1,2
977,1,2
978,1,2
979,1,2
980,1,2
981,1,2
982,1,2
983,1,2
984,1,2
985,1,2
986,1,2
987,1,2
988,1,2
989,1,2
990,1,2
991,1,2
992,1,2
993,1,2
994,1,2
995,1,2
996,1,2
997,1,2
998,1,2
999,1,2
1000,1,2
1001,1,2
1002,1,2
1003,1,2
1004,1,2
1005,1,2
1006,1,2
1007,1,2
1008,1,2
1009,1,2
1010,1,2
1011,1,2
1012,1,2
1013,1,2
1014,1,2
1015,1,2
1016,1,2
1017,1,2
1018,1,2
1019,1,2
1020,1,2
1021,1,2
1022,1,2
1023,1,2
1024,1,2
1025,1,2
1026,1,2
1027,1,2
1028,1,2
1029,1,2
1030,1,2
1031,1,2
1032,1,2
1033,1,2
1034,1,2
1035,1,2
1036,1,2
1037,1,2
1038,1,2
1039,1,2
1040,1,2
1041,1,2
1042,1,2
1043,1,2
1044,1,2
1045,1,2
1046,1,2
1047,1,2
1048,1,1
1049,1,1
1050,1,1
1051,1,1
1052,1,1
1053,1,1
1054,1,1
1055,1,1
1056,1,1
1057,1,1
1058,1,1
1059,1,1
1060,1,1
1061,1,1
1062,1,1
1063,1,1
1064,1,1
1065,1,1
1066,1,0
1067,1,0
1068,1,0
1069,1,0
1070,1,0
1071,1,0
1072,1,0
1073,1,0
1074,1,0
1075,1,0
1076,1,0
1077,1,0
1078,1,0
1079,1,0
1080,1,0
1081,1,0
1082,1,0
1083,1,0
1084,1,0
1085,1,0
1086,1,0
1087,1,0
1088,1,0
1089,1,0
1090,1,0
1091,1,0
1092,1,0
1093,1,0
1094,1,0
1095,1,0
1096,1,0
1097,1,0
1098,1,0
1099,1,0
1100,1,0
1101,1,0
1102,1,0
1103,1,0
1104,1,0
1105,1,0
1106,1,0
1107,1,0
1108,1,0
1109,1,0
1110,1,0
1111,1,0
1112,1,0
1113,1,0
1114,1,0
1115,1,0
1116,1,0
1117,1,0
1118,1,0
1119,1,0
1120,1,0
1121,1,0
1122,1,0
1123,1,0
1124,1,0
1125,1,0
1126,1,0
1127,1,0
1128,1,0
1129,1,0
1130,1,0
1131,1,0
1132,1,0
1133,1,0
1134,1,0
1135,1,0
1136,1,0
1137,1,0
1138,1,0
1139,1,0
1140,1,0
1141,1,0
1142,1,0
1143,1,0
1144,1,0
1145,1,0
1146,1,0
1147,1,0
1148,1,0
1149,1,0
1150,1,0
1151,1,0
1152,1,0
1153,1,0
1154,1,0
1155,1,0
1156,1,0
1157,1,0
1158,1,0
1159,1,0
1160,1,0
1161,1,0
1162,1,0
1163,1,0
1164,1,0
1165,1,0
1166,1,0
1167,1,0
1168,1,0
1169,1,0
1170,1,0
1171,1,0
1172,1,0
1173,1,0
1174,1,0
1175,1,0
1176,1,0
1177,1,0
1178,1,0
1179,1,0
1180,1,0
1181,1,0
1182,1,0
1183,1,0
1184,1,0
1185,1,0
1186,1,0
1187,1,0
1188,1,0
1189,1,0
1190,1,0
1191,1,0
1192,1,0
1193,1,0
1194,1,0
1195,1,0
1196,1,0
1197,1,0
1198,1,0
1199,1,0
1200,1,0
1201,1,0
1202,1,0
1203,1,0
1204,1,0
1205,1,0
1206,1,0
1207,1,0
1208,1,0
1209,1,0
1210,1,0
1211,1,0
1212,1,0
1213,1,0
1214,1,0
1215,1,0
1216,1,0
1217,1,0
1218,1,0
1219,1,0
1220,1,0
1221,1,0
1222,1,0
1223,1,0
1224,1,0
1225,1,0
1226,1,0
1227,1,0
1228,1,0
1229,1,0
1230,1,0
1231,1,0
1232,1,0
1233,1,0
1234,1,0
1235,1,0
1236,1,0
1237,1,0
1238,1,0
1239,1,0
1240,1,0
1241,1,0
1242,1,0
1243,1,0
1244,1,0
1245,1,0
1246,1,0
1247,1,0
1248,1,0
1249,1,0
1250,1,0
1251,1,0
1252,1,0
1253,1,0
1254,1,0
1255,1,0
1256,1,0
1257,1,0
1258,1,0
1259,1,0
1260,1,0
1261,1,0
1262,1,0
1263,1,0
1264,1,0
1265,1,0
1266,1,0
1267,1,0
1268,1,0
1269,1,0
1270,1,0
1271,1,0
1272,1,0
1273,1,0
1274,1,0
1275,1,0
1276,1,0
1277,1,0
1278,1,0
1279,1,0
1280,1,0
1281,1,0
1282,1,0
1283,1,0
1284,1,0
1285,1,0
1286,1,0
1287,1,0
1288,1,0
1289,1,0
1290,1,0
1291,1,0
1292,1,0
1293,1,0
1294,1,0
1295,1,0
1296,1,0
1297,1,0
1298,1,0
1299,1,0
1300,1,0
1301,1,0
1302,1,0
1303,1,0
1304,1,0
1305,1,0
1306,1,0
1307,1,0
1308,1,0
1309,1,0
1310,1,0
1311,1,0
1312,1,0
1313,1,0
1314,1,0
1315,1,0
1316,1,0
1317,1,0
1318,1,0
1319,1,0
1320,1,0
1321,1,0
1322,1,0
1323,1,0
1324,1,0
1325,1,0
1326,1,0
1327,1,0
1328,1,0
1329,1,0
1330,1,0
1331,1,0
1332,1,0
1333,1,0
1334,1,0
1335,1,0
1336,1,0
1337,1,0
1338,1,0
1339,1,0
1340,1,0
1341,1,0
1342,1,0
1343,1,0
1344,1,0
1345,1,0
1346,1,0
1347,1,0
1348,1,0
1349,1,0
1350,1,0
1351,1,0
1352,1,0
1353,1,0
1354,1,0
1355,1,0
1356,1,0
1357,1,0
1358,1,0
1359,1,0
1360,1,0
1361,1,0
1362,1,0
1363,1,0
1364,1,0
1365,1,0
1366,1,0
1367,1,0
1368,1,0
1369,1,0
1370,1,0
1371,1,0
1372,1,0
1373,1,0
1374,1,0
1375,1,0
1376,1,0
1377,1,0
1378,1,0
1379,1,0
1380,1,0
1381,1,0
1382,1,0
1383,1,0
1384,1,0
1385,1,0
1386,1,0
1387,1,0
1388,1,0
1389,1,0
1390,1,0
1391,1,0
1392,1,0
1393,1,0
1394,1,0
1395,1,0
1396,1,0
1397,1,0
1398,1,0
1399,1,0
1400,1,0
1401,1,0
1402,1,0
1403,1,0
1404,1,0
1405,1,0
1406,1,0
1407,1,0
1408,1,0
1409,1,0
1410,1,0
1411,1,0
1412,1,0
1413,1,0
1414,1,0
1415,1,0
1416,1,0
1417,1,0
1418,1,0
1419,1,0
1420,1,0
1421,1,0
1422,1,0
1423,1,0
1424,1,0
1425,1,0
1426,1,0
1427,1,0
1428,1,0
1429,1,0
1430,1,0
1431,1,0
1432,1,0
1433,1,0
1434,1,0
1435,1,0
1436,1,0
1437,1,0
1438,1,0
1439,1,0
1440,1,0
1441,1,0
1442,1,0
1443,1,0
1444,1,0
1445,1,0
1446,1,0
1447,1,0
1448,1,0
1449,1,0
1450,1,0
1451,1,0
1452,1,0
1453,1,0
1454,1,0
1455,1,0
1456,1,0
1457,1,0
1458,1,0
1459,1,0
1460,1,0
1461,1,0
1462,1,0
1463,1,0
1464,1,0
1465,1,0
1466,1,0
1467,1,0
1468,1,0
1469,1,0
1470,1,0
1471,1,0
1472,1,0
1473,1,0
1474,1,0
1475,1,0
1476,1,0
1477,1,0
1478,1,0
1479,1,0
1480,1,0
1481,1,0
1482,1,0
1483,1,0
1484,1,0
1485,1,0
1486,1,0
1487,1,0
1488,1,0
1489,1,0
1490,1,0
1491,1,0
1492,1,0
1493,1,0
1494,1,0
1495,1,0
1496,1,0
1497,1,0
1498,1,0
1499,1,0
1500,1,0
1501,1,0
1502,1,0
1503,1,0
1504,1,0
1505,1,0
1506,1,0
1507,1,0
1508,1,0
1509,1,0
1510,1,0
1511,1,0
1512,1,0
1513,1,0
1514,1,0
1515,1,0
1516,1,0
1517,1,0
1518,1,0
1519,1,0
1520,1,0
1521,1,0
1522,1,0
1523,1,0
1524,1,0
1525,1,0
1526,1,0
1527,1,0
1528,1,0
1529,1,0
1530,1,0
1531,1,0
1532,1,0
1533,1,0
1534,1,0
1535,1,0
1536,1,0
1537,1,0
1538,1,0
1539,1,0
1540,1,0
1541,1,0
1542,1,0
1543,1,0
1544,1,0
1545,1,0
1546,1,0
1547,1,0
1548,1,0
1549,1,0
1550,1,0
1551,1,0
1552,1,0
1553,1,0
1554,1,0
1555,1,0
1556,1,0
1557,1,0
1558,1,0
1559,1,0
1560,1,0
1561,1,0
1562,1,0
1563,1,0
1564,1,0
1565,1,0
1566,1,0
1567,1,0
1568,1,0
1569,1,0
1570,1,0
1571,1,0
1572,1,0
1573,1,0
1574,1,0
1575,1,0
1576,1,0
1577,1,0
1578,1,0
1579,1,0
1580,1,0
1581,1,0
1582,1,0
1583,1,0
1584,1,0
1585,1,0
1586,1,0
1587,1,0
1588,1,0
1589,1,0
1590,1,0
1591,1,0
1592,1,0
1593,1,0
1594,1,0
1595,1,0
1596,1,0
1597,1,0
1598,1,0
1599,1,0
1600,1,0
1601,1,0
1602,1,0
1603,1,0
1604,1,0
1605,1,0
1606,1,0
1607,1,0
1608,1,0
1609,1,0
1610,1,0
1611,1,0
1612,1,0
1613,1,0
1614,1,0
1615,1,0
1616,1,0
1617,1,0
1618,1,0
1619,1,0
1620,1,0
1621,1,0
1622,1,0
1623,1,0
1624,1,0
1625,1,0
1626,1,0
1627,1,0
1628,1,0
1629,1,0
1630,1,0
1631,1,0
1632,1,0
1633,1,0
1634,1,0
1635,1,0
1636,1,0
1637,1,0
1638,1,0
1639,1,0
1640,1,0
1641,1,0
1642,1,0
1643,1,0
1644,1,0
1645,1,0
1646,1,0
1647,1,0
1648,1,0
1649,1,0
1650,1,0
1651,1,0
1652,1,0
1653,1,0
1654,1,0
1655,1,0
1656,1,0
1657,1,0
1658,1,0
1659,1,0
1660,1,0
1661,1,0
1662,1,0
1663,1,0
1664,1,0
1665,1,0
1666,1,0
1667,1,0
1668,1,0
1669,1,0
1670,1,0
1671,1,0
1672,1,0
1673,1,0
1674,1,0
1675,1,0
1676,1,0
1677,1,0
1678,1,0
1679,1,0
1680,1,0
1681,1,0
1682,1,0
1683,1,0
1684,1,0
1685,1,0
1686,1,0
1687,1,0
1688,1,0
1689,1,0
1690,1,0
1691,1,0
1692,1,0
1693,1,0
1694,1,0
1695,1,0
1696,1,0
1697,1,0
1698,1,0
1699,1,0
1700,1,0
1701,1,0
1702,1,0
1703,1,0
1704,1,0
1705,1,0
1706,1,0
1707,1,0
1708,1,0
1709,1,0
1710,1,0
1711,1,0
1712,1,0
1713,1,0
1714,1,0
1715,1,0
1716,1,0
1717,1,0
1718,1,0
1719,1,0
1720,1,0
1721,1,0
1722,1,0
1723,1,0
1724,1,0
1725,1,0
1726,1,0
1727,1,0
1728,1,0
1729,1,0
1730,1,0
1731,1,0
1732,1,0
1733,1,0
1734,1,0
1735,1,0
1736,1,0
1737,1,0
1738,1,0
1739,1,0
1740,1,0
1741,1,0
1742,1,0
1743,1,0
1744,1,0
1745,1,0
1746,1,0
1747,1,0
1748,1,0
1749,1,0
1750,1,0
1751,1,0
1752,1,0
1753,1,0
1754,1,0
1755,1,0
1756,1,0
1757,1,0
1758,1,0
1759,1,0
1760,1,0
1761,1,0
1762,1,0
1763,1,0
1764,1,0
1765,1,0
1766,1,0
1767,1,0
1768,1,0
1769,1,0
1770,1,0
1771,1,0
1772,1,0
1773,1,0
1774,1,0
1775,1,0
1776,1,0
1777,1,0
1778,1,0
1779,1,0
1780,1,0
1781,1,0
1782,1,0
1783,1,0
1784,1,0
1785,1,0
1786,1,0
1787,1,0
1788,1,0
1789,1,0
1790,1,0
1791,1,0
1792,1,0
1793,1,0
1794,1,0
1795,1,0
1796,1,0
1797,1,0
1798,1,0
1799,1,0
1800,1,0
1801,1,0
1802,1,0
1803,1,0
1804,1,0
1805,1,0
1806,1,0
1807,1,0
1808,1,0
1809,1,0
1810,1,0
1811,1,0
1812,1,0
1813,1,0
1814,1,0
1815,1,0
1816,1,0
1817,1,0
1818,1,0
1819,1,0
1820,1,0
1821,1,0
1822,1,0
1823,1,0
1824,1,0
1825,1,0
1826,1,0
1827,1,0
1828,1,0
1829,1,0
1830,1,0
1831,1,0
1832,1,0
1833,1,0
1834,1,0
1835,1,0
1836,1,0
1837,1,0
1838,1,0
1839,1,0
1840,1,0
1841,1,0
1842,1,0
1843,1,0
1844,1,0
1845,1,0
1846,1,0
1847,1,0
1848,1,0
1849,1,0
1850,1,0
1851,1,0
1852,1,0
1853,1,0
1854,1,0
1855,1,0
1856,1,0
1857,1,0
1858,1,0
1859,1,0
1860,1,0
1861,1,0
1862,1,0
1863,1,0
1864,1,0
1865,1,0
1866,1,0
1867,1,0
1868,1,0
1869,1,0
1870,1,0
1871,1,0
1872,1,0
1873,1,0
1874,1,0
1875,1,0
1876,1,0
1877,1,0
1878,1,0
1879,1,0
1880,1,0
1881,1,0
1882,1,0
1883,1,0
1884,1,0
1885,1,0
1886,1,0
1887,1,0
1888,1,0
1889,1,0
1890,1,0
1891,1,0
1892,1,0
1893,1,0
1894,1,0
1895,1,0
1896,1,0
1897,1,0
1898,1,0
1899,1,0
1900,1,0
1901,1,0
1902,1,0
1903,1,0
1904,1,0
1905,1,0
1906,1,0
1907,1,0
1908,1,0
1909,1,0
1910,1,0
1911,1,0
1912,1,0
1913,1,0
1914,1,0
1915,1,0
1916,1,0
1917,1,0
1918,1,0
1919,1,0
1920,1,0
1921,1,0
1922,1,0
1923,1,0
1924,1,0
1925,1,0
1926,1,0
1927,1,0
1928,1,0
1929,1,0
1930,1,0
1931,1,0
1932,1,0
1933,1,0
1934,1,0
1935,1,0
1936,1,0
1937,1,0
1938,1,0
1939,1,0
1940,1,0
1941,1,0
1942,1,0
1943,1,0
1944,1,0
1945,1,0
1946,1,0
1947,1,0
1948,1,0
1949,1,0
1950,1,0
1951,1,0
1952,1,0
1953,1,0
1954,1,0
1955,1,0
1956,1,0
1957,1,0
1958,1,0
1959,1,0
1960,1,0
1961,1,0
1962,1,0
1963,1,0
1964,1,0
1965,1,0
1966,1,0
1967,1,0
1968,1,0
1969,1,0
1970,1,0
1971,1,0
1972,1,0
1973,1,0
1974,1,0
1975,1,0
1976,1,0
1977,1,0
1978,1,0
1979,1,0
1980,1,0
1981,1,0
1982,1,0
1983,1,0
1984,1,0
1985,1,0
1986,1,0
1987,1,0
1988,1,0
1989,1,0
1990,1,0
1991,1,0
1992,1,0
1993,1,0
1994,1,0
1995,1,0
1996,1,0
1997,1,0
1998,1,0
1999,1,0
2000,1,0
2001,1,0
2002,1,0
2003,1,0
2004,1,0
2005,1,0
2006,1,0
2007,1,0
2008,1,0
2009,1,0
2010,1,0
2011,1,0
2012,1,0
2013,1,0
2014,1,0
2015,1,0
2016,1,0
2017,1,0
2018,1,0
2019,1,0
2020,1,0
2021,1,0
2022,1,0
2023,1,0
2024,1,0
2025,1,0
2026,1,0
2027,1,0
2028,1,0
2029,1,0
2030,1,0
2031,1,0
2032,1,0
2033,1,0
2034,1,0
2035,1,0
2036,1,0
2037,1,0
2038,1,0
2039,1,0
2040,1,0
2041,1,0
2042,1,0
2043,1,0
2044,1,0
2045,1,0
2046,1,0
2047,1,0
2048,1,0
2049,1,0
2050,1,0
2051,1,0
2052,1,0
2053,1,0
2054,1,0
2055,1,0
2056,1,0
2057,1,0
2058,1,0
2059,1,0
2060,1,0
2061,1,0
2062,1,0
2063,1,0
2064,1,0
2065,1,0
2066,1,0
2067,1,0
2068,1,0
2069,1,0
2070,1,0
2071,1,0
2072,1,0
2073,1,0
2074,1,0
2075,1,0
2076,1,0
2077,1,0
2078,1,0
2079,1,0
2080,1,0
2081,1,0
2082,1,0
2083,1,0
2084,1,0
2085,1,0
2086,1,0
2087,1,0
2088,1,0
2089,1,0
2090,1,0
2091,1,0
2092,1,0
2093,1,0
2094,1,0
2095,1,0
2096,1,0
2097,1,0
2098,1,0
2099,1,0
2100,1,0
2101,1,0
2102,1,0
2103,1,0
2104,1,0
2105,1,0
2106,1,0
2107,1,0
2108,1,0
2109,1,0
2110,1,0
2111,1,0
2112,1,0
2113,1,0
2114,1,0
2115,1,0
2116,1,0
2117,1,0
2118,1,0
2119,1,0
2120,1,0
2121,1,0
2122,1,0
2123,1,0
2124,1,0
2125,1,0
2126,1,0
2127,1,0
2128,1,0
2129,1,0
2130,1,0
2131,1,0
2132,1,0
2133,1,0
2134,1,0
2135,1,0
2136,1,0
2137,1,0
2138,1,0
2139,1,0
2140,1,0
2141,1,0
2142,1,0
2143,1,0
2144,1,0
2145,1,0
2146,1,0
2147,1,0
2148,1,0
2149,1,0
2150,1,0
2151,1,0
2152,1,0
2153,1,0
2154,1,0
2155,1,0
2156,1,0
2157,1,0
2158,1,0
2159,1,0
2160,1,0
2161,1,0
2162,1,0
2163,1,0
2164,1,0
2165,1,0
2166,1,0
2167,1,0
2168,1,0
2169,1,0
2170,1,0
2171,1,0
2172,1,0
2173,1,0
2174,1,0
2175,1,0
2176,1,0
2177,1,0
2178,1,0
2179,1,0
2180,1,0
2181,1,0
2182,1,0
2183,1,0
2184,1,0
2185,1,0
2186,1,0
2187,1,0
2188,1,0
2189,1,0
2190,1,0
2191,1,0
2192,1,0
2193,1,0
2194,1,0
2195,1,0
2196,1,0
2197,1,0
2198,1,0
2199,1,0
2200,1,0
2201,1,0
2202,1,0
2203,1,0
2204,1,0
2205,1,0
2206,1,0
2207,1,0
2208,1,0
2209,1,0
2210,1,0
2211,1,0
2212,1,0
2213,1,0
2214,1,0
2215,1,0
2216,1,0
2217,1,0
2218,1,0
2219,1,0
2220,1,0
2221,1,0
2222,1,0
2223,1,0
2224,1,0
2225,1,0
2226,1,0
2227,1,0
2228,1,0
2229,1,0
2230,1,0
2231,1,0
2232,1,0
2233,1,0
2234,1,0
2235,1,0
2236,1,0
2237,1,0
2238,1,0
2239,1,0
2240,1,0
2241,1,0
2242,1,0
2243,1,0
2244,1,0
2245,1,0
2246,1,0
2247,1,0
2248,1,0
2249,1,0
2250,1,0
2251,1,0
2252,1,0
2253,1,0
2254,1,0
2255,1,0
2256,1,0
2257,1,0
2258,1,0
2259,1,0
2260,1,0
2261,1,0
2262,1,0
2263,1,0
2264,1,0
2265,1,0
2266,1,0
2267,1,0
2268,1,0
2269,1,0
2270,1,0
2271,1,0
2272,1,0
2273,1,0
2274,1,0
2275,1,0
2276,1,0
2277,1,0
2278,1,0
2279,1,0
2280,1,0
2281,1,0
2282,1,0
2283,1,0
2284,1,0
2285,1,0
2286,1,0
2287,1,0
2288,1,0
2289,1,0
2290,1,0
2291,1,0
2292,1,0
2293,1,0
2294,1,0
2295,1,0
2296,1,0
2297,1,0
2298,1,0
2299,1,0
2300,1,0
2301,1,0
2302,1,0
2303,1,0
2304,1,0
2305,1,0
2306,1,0
2307,1,0
2308,1,0
2309,1,0
2310,1,0
2311,1,0
2312,1,0
2313,1,0
2314,1,0
2315,1,0
2316,1,0
2317,1,0
2318,1,0
2319,1,0
2320,1,0
2321,1,0
2322,1,0
2323,1,0
2324,1,0
2325,1,0
2326,1,0
2327,1,0
2328,1,0
2329,1,0
2330,1,0
2331,1,0
2332,1,0
2333,1,0
2334,1,0
2335,1,0
2336,1,0
2337,1,0
2338,1,0
2339,1,0
2340,1,0
2341,1,0
2342,1,0
2343,1,0
2344,1,0
2345,1,0
2346,1,0
2347,1,0
2348,1,0
2349,1,0
2350,1,0
2351,1,0
2352,1,0
2353,1,0
2354,1,0
2355,1,0
2356,1,0
2357,1,0
2358,1,0
2359,1,0
2360,1,0
2361,1,0
2362,1,0
2363,1,0
2364,1,0
2365,1,0
2366,1,0
2367,1,0
2368,1,0
2369,1,0
2370,1,0
2371,1,0
2372,1,0
2373,1,0
2374,1,0
2375,1,0
2376,1,0
2377,1,0
2378,1,0
2379,1,0
2380,1,0
2381,1,0
2382,1,0
2383,1,0
2384,1,0
2385,1,0
2386,1,0
2387,1,0
2388,1,0
2389,1,0
2390,1,0
2391,1,0
2392,1,0
2393,1,0
2394,1,0
2395,1,0
2396,1,0
2397,1,0
2398,1,0
2399,1,0
2400,1,0
2401,1,0
2402,1,0
2403,1,0
2404,1,0
2405,1,0
2406,1,0
2407,1,0
2408,1,0
2409,1,0
2410,1,0
2411,1,0
2412,1,0
2413,1,0
2414,1,0
2415,1,0
2416,1,0
2417,1,0
2418,1,0
2419,1,0
2420,1,0
2421,1,0
2422,1,0
2423,1,0
2424,1,0
2425,1,0
2426,1,0
2427,1,0
2428,1,0
2429,1,0
2430,1,0
2431,1,0
2432,1,0
2433,1,0
2434,1,0
2435,1,0
2436,1,0
2437,1,0
2438,1,0
2439,1,0
2440,1,0
2441,1,0
2442,1,0
2443,1,0
2444,1,0
2445,1,0
2446,1,0
2447,1,0
2448,1,0
2449,1,0
2450,1,0
2451,1,0
2452,1,0
2453,1,0
2454,1,0
2455,1,0
2456,1,0
2457,1,0
2458,1,0
2459,1,0
2460,1,0
2461,1,0
2462,1,0
2463,1,0
2464,1,0
2465,1,0
2466,1,0
2467,1,0
2468,1,0
2469,1,0
2470,1,0
2471,1,0
2472,1,0
2473,1,0
2474,1,0
2475,1,0
2476,1,0
2477,1,0
2478,1,0
2479,1,0
2480,1,0
2481,1,0
2482,1,0
2483,1,0
2484,1,0
2485,1,0
2486,1,0
2487,1,0
2488,1,0
2489,1,0
2490,1,0
2491,1,0
2492,1,0
2493,1,0
2494,1,0
2495,1,0
2496,1,0
2497,1,0
2498,1,0
2499,1,0
2500,1,0
2501,1,0
2502,1,0
2503,1,0
2504,1,0
2505,1,0
2506,1,0
2507,1,0
2508,1,0
2509,1,0
2510,1,0
2511,1,0
2512,1,0
2513,1,0
2514,1,0
2515,1,0
2516,1,0
2517,1,0
2518,1,0
2519,1,0
2520,1,0
2521,1,0
2522,1,0
2523,1,0
2524,1,0
2525,1,0
2526,1,0
2527,1,0
2528,1,0
2529,1,0
2530,1,0
2531,1,0
2532,1,0
2533,1,0
2534,1,0
2535,1,0
2536,1,0
2537,1,0
2538,1,0
2539,1,0
2540,1,0
2541,1,0
2542,1,0
2543,1,0
2544,1,0
2545,1,0
2546,1,0
2547,1,0
2548,1,0
2549,1,0
2550,1,0
2551,1,0
2552,1,0
2553,1,0
2554,1,0
2555,1,0
2556,1,0
2557,1,0
2558,1,0
2559,1,0
2560,1,0
2561,1,0
2562,1,0
2563,1,0
2564,1,0
2565,1,0
2566,1,0
2567,1,0
2568,1,0
2569,1,0
2570,1,0
2571,1,0
2572,1,0
2573,1,0
2574,1,0
2575,1,0
2576,1,0
2577,1,0
2578,1,0
2579,1,0
2580,1,0
2581,1,0
2582,1,0
2583,1,0
2584,1,0
2585,1,0
2586,1,0
2587,1,0
2588,1,0
2589,1,0
2590,1,0
2591,1,0
2592,1,0
2593,1,0
2594,1,0
2595,1,0
2596,1,0
2597,1,0
2598,1,0
2599,1,0
2600,1,0
2601,1,0
2602,1,0
2603,1,0
2604,1,0
2605,1,0
2606,1,0
2607,1,0
2608,1,0
2609,1,0
2610,1,0
2611,1,0
2612,1,0
2613,1,0
2614,1,0
2615,1,0
2616,1,0
2617,1,0
2618,1,0
2619,1,0
2620,1,0
2621,1,0
2622,1,0
2623,1,0
2624,1,0
2625,1,0
2626,1,0
2627,1,0
2628,1,0
2629,1,0
2630,1,0
2631,1,0
2632,1,0
2633,1,0
2634,1,0
2635,1,0
2636,1,0
2637,1,0
2638,1,0
2639,1,0
2640,1,0
2641,1,0
2642,1,0
2643,1,0
2644,1,0
2645,1,0
2646,1,0
2647,1,0
2648,1,0
2649,1,0
2650,1,0
2651,1,0
2652,1,0
2653,1,0
2654,1,0
2655,1,0
2656,1,0
2657,1,0
2658,1,0
2659,1,0
2660,1,0
2661,1,0
2662,1,0
2663,1,0
2664,1,0
2665,1,0
2666,1,0
2667,1,0
2668,1,0
2669,1,0
2670,1,0
2671,1,0
2672,1,0
2673,1,0
2674,1,0
2675,1,0
2676,1,0
2677,1,0
2678,1,0
2679,1,0
2680,1,0
2681,1,0
2682,1,0
2683,1,0
2684,1,0
2685,1,0
2686,1,0
2687,1,0
2688,1,0
2689,1,0
2690,1,0
2691,1,0
2692,1,0
2693,1,0
2694,1,0
2695,1,0
2696,1,0
2697,1,0
2698,1,0
2699,1,0
2700,1,0
2701,1,0
2702,1,0
2703,1,0
2704,1,0
2705,1,0
2706,1,0
2707,1,0
2708,1,0
2709,1,0
2710,1,0
2711,1,0
2712,1,0
2713,1,0
2714,1,0
2715,1,0
2716,1,0
2717,1,0
2718,1,0
2719,1,0
2720,1,0
2721,1,0
2722,1,0
2723,1,0
2724,1,0
2725,1,0
2726,1,0
2727,1,0
2728,1,0
2729,1,0
2730,1,0
2731,1,0
2732,1,0
2733,1,0
2734,1,0
2735,1,0
2736,1,0
2737,1,0
2738,1,0
2739,1,0
2740,1,0
2741,1,0
2742,1,0
2743,1,0
2744,1,0
2745,1,0
2746,1,0
2747,1,0
2748,1,0
2749,1,0
2750,1,0
2751,1,0
2752,1,0
2753,1,0
2754,1,0
2755,1,0
2756,1,0
2757,1,0
2758,1,0
2759,1,0
2760,1,0
2761,1,0
2762,1,0
2763,1,0
2764,1,0
2765,1,0
2766,1,0
2767,1,0
2768,1,0
2769,1,0
2770,1,0
2771,1,0
2772,1,0
2773,1,0
2774,1,0
2775,1,0
2776,1,0
2777,1,0
2778,1,0
2779,1,0
2780,1,0
2781,1,0
2782,1,0
2783,1,0
2784,1,0
2785,1,0
2786,1,0
2787,1,0
2788,1,0
2789,1,0
2790,1,0
2791,1,0
2792,1,0
2793,1,0
2794,1,0
2795,1,0
2796,1,0
2797,1,0
2798,1,0
2799,1,0
2800,1,0
2801,1,0
2802,1,0
2803,1,0
2804,1,0
2805,1,0
2806,1,0
2807,1,0
2808,1,0
2809,1,0
2810,1,0
2811,1,0
2812,1,0
2813,1,0
2814,1,0
2815,1,0
2816,1,0
2817,1,0
2818,1,0
2819,1,0
2820,1,0
2821,1,0
2822,1,0
2823,1,0
2824,1,0
2825,1,0
2826,1,0
2827,1,0
2828,1,0
2829,1,0
2830,1,0
2831,1,0
2832,1,0
2833,1,0
2834,1,0
2835,1,0
2836,1,0
2837,1,0
2838,1,0
2839,1,0
2840,1,0
2841,1,0
2842,1,0
2843,1,0
2844,1,0
2845,1,0
2846,1,0
2847,1,0
2848,1,0
2849,1,0
2850,1,0
2851,1,0
2852,1,0
2853,1,0
2854,1,0
2855,1,0
2856,1,0
2857,1,0
2858,1,0
2859,1,0
2860,1,0
2861,1,0
2862,1,0
2863,1,0
2864,1,0
2865,1,0
2866,1,0
2867,1,0
2868,1,0
2869,1,0
2870,1,0
2871,1,0
2872,1,0
2873,1,0
2874,1,0
2875,1,0
2876,1,0
2877,1,0
2878,1,0
2879,1,0
2880,1,0
2881,1,0
2882,1,0
2883,1,0
2884,1,0
2885,1,0
2886,1,0
2887,1,0
2888,1,0
2889,1,0
2890,1,0
2891,1,0
2892,1,0
2893,1,0
2894,1,0
2895,1,0
2896,1,0
2897,1,0
2898,1,0
2899,1,0
2900,1,0
2901,1,0
2902,1,0
2903,1,0
2904,1,0
2905,1,0
2906,1,0
2907,1,0
2908,1,0
2909,1,0
2910,1,0
2911,1,0
2912,1,0
2913,1,0
2914,1,0
2915,1,0
2916,1,0
2917,1,0
2918,1,0
2919,1,0
2920,1,0
2921,1,0
2922,1,0
2923,1,0
2924,1,0
2925,1,0
2926,1,0
2927,1,0
2928,1,0
2929,1,0
2930,1,0
2931,1,0
2932,1,0
2933,1,0
2934,1,0
2935,1,0
2936,1,0
2937,1,0
2938,1,0
2939,1,0
2940,1,0
2941,1,0
2942,1,0
2943,1,0
2944,1,0
2945,1,0
2946,1,0
2947,1,0
2948,1,0
2949,1,0
2950,1,0
2951,1,0
2952,1,0
2953,1,0
2954,1,0
2955,1,0
2956,1,0
2957,1,0
2958,1,0
2959,1,0
2960,1,0
2961,1,0
2962,1,0
2963,1,0
2964,1,0
2965,1,0
2966,1,0
2967,1,0
2968,1,0
2969,1,0
2970,1,0
2971,1,0
2972,1,0
2973,1,0
2974,1,0
2975,1,0
2976,1,0
2977,1,0
2978,1,0
2979,1,0
2980,1,0
2981,1,0
2982,1,0
2983,1,0
2984,1,0
2985,1,0
2986,1,0
2987,1,0
2988,1,0
2989,1,0
2990,1,0
2991,1,0
2992,1,0
2993,1,0
2994,1,0
2995,1,0
2996,1,0
2997,1,0
2998,1,0
2999,1,0
3000,1,0
3001,1,0
3002,1,0
3003,1,0
3004,1,0
3005,1,0
3006,1,0
3007,1,0
3008,1,0
3009,1,0
3010,1,0
3011,1,0
3012,1,0
3013,1,0
3014,1,0
3015,1,0
3016,1,0
3017,1,0
3018,1,0
3019,1,0
3020,1,0
3021,1,0
3022,1,0
3023,1,0
3024,1,0
3025,1,0
3026,1,0
3027,1,0
3028,1,0
3029,1,0
3030,1,0
3031,1,0
3032,1,0
3033,1,0
3034,1,0
3035,1,0
3036,1,0
3037,1,0
3038,1,0
3039,1,0
3040,1,0
3041,1,0
3042,1,0
3043,1,0
3044,1,0
3045,1,0
3046,1,0
3047,1,0
3048,1,0
3049,1,0
3050,1,0
3051,1,0
3052,1,0
3053,1,0
3054,1,0
3055,1,0
3056,1,0
3057,1,0
3058,1,0
3059,1,0
3060,1,0
3061,1,0
3062,1,0
3063,1,0
3064,1,0
3065,1,0
3066,1,0
3067,1,0
3068,1,0
3069,1,0
3070,1,0
3071,1,0
3072,1,0
3073,1,0
3074,1,0
3075,1,0
3076,1,0
3077,1,0
3078,1,0
3079,1,0
3080,1,0
3081,1,0
3082,1,0
3083,1,0
3084,1,0
3085,1,0
3086,1,0
3087,1,0
3088,1,0
3089,1,0
3090,1,0
3091,1,0
3092,1,0
3093,1,0
3094,1,0
3095,1,0
3096,1,0
3097,1,0
3098,1,0
3099,1,0
3100,1,0
3101,1,0
3102,1,0
3103,1,0
3104,1,0
3105,1,0
3106,1,0
3107,1,0
3108,1,0
3109,1,0
3110,1,0
3111,1,0
3112,1,0
3113,1,0
3114,1,0
3115,1,0
3116,1,0
3117,1,0
3118,1,0
3119,1,0
3120,1,0
3121,1,0
3122,1,0
3123,1,0
3124,1,0
3125,1,0
3126,1,0
3127,1,0
3128,1,0
3129,1,0
3130,1,0
3131,1,0
3132,1,0
3133,1,0
3134,1,0
3135,1,0
3136,1,0
3137,1,0
3138,1,0
3139,1,0
3140,1,0
3141,1,0
3142,1,0
3143,1,0
3144,1,0
3145,1,0
3146,1,0
3147,1,0
3148,1,0
3149,1,0
3150,1,0
3151,1,0
3152,1,0
3153,1,0
3154,1,0
3155,1,0
3156,1,0
3157,1,0
3158,1,0
3159,1,0
3160,1,0
3161,1,0
3162,1,0
3163,1,0
3164,1,0
3165,1,0
3166,1,0
3167,1,0
3168,1,0
3169,1,0
3170,1,0
3171,1,0
3172,1,0
3173,1,0
3174,1,0
3175,1,0
3176,1,0
3177,1,0
3178,1,0
3179,1,0
3180,1,0
3181,1,0
3182,1,0
3183,1,0
3184,1,0
3185,1,0
3186,1,0
3187,1,0
3188,1,0
3189,1,0
3190,1,0
3191,1,0
3192,1,0
3193,1,0
3194,1,0
3195,1,0
3196,1,0
3197,1,0
3198,1,0
3199,1,0
3200,1,0
3201,1,0
3202,1,0
3203,1,0
3204,1,0
3205,1,0
3206,1,0
3207,1,0
3208,1,0
3209,1,0
3210,1,0
3211,1,0
3212,1,0
3213,1,0
3214,1,0
3215,1,0
3216,1,0
3217,1,0
3218,1,0
3219,1,0
3220,1,0
3221,1,0
3222,1,0
3223,1,0
3224,1,0
3225,1,0
3226,1,0
3227,1,0
3228,1,0
3229,1,0
3230,1,0
3231,1,0
3232,1,0
3233,1,0
3234,1,0
3235,1,0
3236,1,0
3237,1,0
3238,1,0
3239,1,0
3240,1,0
3241,1,0
3242,1,0
3243,1,0
3244,1,0
3245,1,0
3246,1,0
3247,1,0
3248,1,0
3249,1,0
3250,1,0
3251,1,0
3252,1,0
3253,1,0
3254,1,0
3255,1,0
3256,1,0
3257,1,0
3258,1,0
3259,1,0
3260,1,0
3261,1,0
3262,1,0
3263,1,0
3264,1,0
3265,1,0
3266,1,0
3267,1,0
3268,1,0
3269,1,0
3270,1,0
3271,1,0
3272,1,0
3273,1,0
3274,1,0
3275,1,0
3276,1,0
3277,1,0
3278,1,0
3279,1,0
3280,1,0
3281,1,0
3282,1,0
3283,1,0
3284,1,0
3285,1,0
3286,1,0
3287,1,0
3288,1,0
3289,1,0
3290,1,0
3291,1,0
3292,1,0
3293,1,0
3294,1,0
3295,1,0
3296,1,0
3297,1,0
3298,1,0
3299,1,0
3300,1,0
3301,1,0
3302,1,0
3303,1,0
3304,1,0
3305,1,0
3306,1,0
3307,1,0
3308,1,0
3309,1,0
3310,1,0
3311,1,0
3312,1,0
3313,1,0
3314,1,0
3315,1,0
3316,1,0
3317,1,0
3318,1,0
3319,1,0
3320,1,0
3321,1,0
3322,1,0
3323,1,0
3324,1,0
3325,1,0
3326,1,0
3327,1,0
3328,1,0
3329,1,0
3330,1,0
3331,1,0
3332,1,0
3333,1,0
3334,1,0
3335,1,0
3336,1,0
3337,1,0
3338,1,0
3339,1,0
3340,1,0
3341,1,0
3342,1,0
3343,1,0
3344,1,0
3345,1,0
3346,1,0
3347,1,0
3348,1,0
3349,1,0
3350,1,0
3351,1,0
3352,1,0
3353,1,0
3354,1,0
3355,1,0
3356,1,0
3357,1,0
3358,1,0
3359,1,0
3360,1,0
3361,1,0
3362,1,0
3363,1,0
3364,1,0
3365,1,0
3366,1,0
3367,1,0
3368,1,0
3369,1,0
3370,1,0
3371,1,0
3372,1,0
3373,1,0
3374,1,0
3375,1,0
3376,1,0
3377,1,0
3378,1,0
3379,1,0
3380,1,0
3381,1,0
3382,1,0
3383,1,0
3384,1,0
3385,1,0
3386,1,0
3387,1,0
3388,1,0
3389,1,0
3390,1,0
3391,1,0
3392,1,0
3393,1,0
3394,1,0
3395,1,0
3396,1,0
3397,1,0
3398,1,0
3399,1,0
3400,1,0
3401,1,0
3402,1,0
3403,1,0
3404,1,0
3405,1,0
3406,1,0
3407,1,0
3408,1,0
3409,1,0
3410,1,0
3411,1,0
3412,1,0
3413,1,0
3414,1,0
3415,1,0
3416,1,0
3417,1,0
3418,1,0
3419,1,0
3420,1,0
3421,1,0
3422,1,0
3423,1,0
3424,1,0
3425,1,0
3426,1,0
3427,1,0
3428,1,0
3429,1,0
3430,1,0
3431,1,0
3432,1,0
3433,1,0
3434,1,0
3435,1,0
3436,1,0
3437,1,0
3438,1,0
3439,1,0
3440,1,0
3441,1,0
3442,1,0
3443,1,0
3444,1,0
3445,1,0
3446,1,0
3447,1,0
3448,1,0
3449,1,0
3450,1,0
3451,1,0
3452,1,0
3453,1,0
3454,1,0
3455,1,0
3456,1,0
3457,1,0
3458,1,0
3459,1,0
3460,1,0
3461,1,0
3462,1,0
3463,1,0
3464,1,0
3465,1,0
3466,1,0
3467,1,0
3468,1,0
3469,1,0
3470,1,0
3471,1,0
3472,1,0
3473,1,0
3474,1,0
3475,1,0
3476,1,0
3477,1,0
3478,1,0
3479,1,0
3480,1,0
3481,1,0
3482,1,0
3483,1,0
3484,1,0
3485,1,0
3486,1,0
3487,1,0
3488,1,0
3489,1,0
3490,1,0
3491,1,0
3492,1,0
3493,1,0
3494,1,0
3495,1,0
3496,1,0
3497,1,0
3498,1,0
3499,1,0
3500,1,0
3501,1,0
3502,1,0
3503,1,0
3504,1,0
3505,1,0
3506,1,0
3507,1,0
3508,1,0
3509,1,0
3510,1,0
3511,1,0
3512,1,0
3513,1,0
3514,1,0
3515,1,0
3516,1,0
3517,1,0
3518,1,0
3519,1,0
3520,1,0
3521,1,0
3522,1,0
3523,1,0
3524,1,0
3525,1,0
3526,1,0
3527,1,0
3528,1,0
3529,1,0
3530,1,0
3531,1,0
3532,1,0
3533,1,0
3534,1,0
3535,1,0
3536,1,0
3537,1,0
3538,1,0
3539,1,0
3540,1,0
3541,1,0
3542,1,0
3543,1,0
3544,1,0
3545,1,0
3546,1,0
3547,1,0
3548,1,0
3549,1,0
3550,1,0
3551,1,0
3552,1,0
3553,1,0
3554,1,0
3555,1,0
3556,1,0
3557,1,0
3558,1,0
3559,1,0
3560,1,0
3561,1,0
3562,1,0
3563,1,0
3564,1,0
3565,1,0
3566,1,0
3567,1,0
3568,1,0
3569,1,0
3570,1,0
3571,1,0
3572,1,0
3573,1,0
3574,1,0
3575,1,0
3576,1,0
3577,1,0
3578,1,0
3579,1,0
3580,1,0
3581,1,0
3582,1,0
3583,1,0
3584,1,0
3585,1,0
3586,1,0
3587,1,0
3588,1,0
3589,1,0
3590,1,0
3591,1,0
3592,1,0
3593,1,0
3594,1,0
3595,1,0
3596,1,0
3597,1,0
3598,1,0
3599,1,0
3600,1,0
3601,1,0
3602,1,0
3603,1,0
3604,1,0
3605,1,0
3606,1,0
3607,1,0
3608,1,0
3609,1,0
3610,1,0
3611,1,0
3612,1,0
3613,1,0
3614,1,0
3615,1,0
3616,1,0
3617,1,0
3618,1,0
3619,1,0
3620,1,0
3621,1,0
3622,1,0
3623,1,0
3624,1,0
3625,1,0
3626,1,0
3627,1,0
3628,1,0
3629,1,0
3630,1,0
3631,1,0
3632,1,0
3633,1,0
3634,1,0
3635,1,0
3636,1,0
3637,1,0
3638,1,0
3639,1,0
3640,1,0
3641,1,0
3642,1,0
3643,1,0
3644,1,0
3645,1,0
3646,1,0
3647,1,0
3648,1,0
3649,1,0
3650,1,0
3651,1,0
3652,1,0
3653,1,0
3654,1,0
3655,1,0
3656,1,0
3657,1,0
3658,1,0
3659,1,0
3660,1,0
3661,1,0
3662,1,0
3663,1,0
3664,1,0
3665,1,0
3666,1,0
3667,1,0
3668,1,0
3669,1,0
3670,1,0
3671,1,0
3672,1,0
3673,1,0
3674,1,0
3675,1,0
3676,1,0
3677,1,0
3678,1,0
3679,1,0
3680,1,0
3681,1,0
3682,1,0
3683,1,0
3684,1,0
3685,1,0
3686,1,0
3687,1,0
3688,1,0
3689,1,0
3690,1,0
3691,1,0
3692,1,0
3693,1,0
3694,1,0
3695,1,0
3696,1,0
3697,1,0
3698,1,0
3699,1,0
3700,1,0
3701,1,0
3702,1,0
3703,1,0
3704,1,0
3705,1,0
3706,1,0
3707,1,0
3708,1,0
3709,1,0
3710,1,0
3711,1,0
3712,1,0
3713,1,0
3714,1,0
3715,1,0
3716,1,0
3717,1,0
3718,1,0
3719,1,0
3720,1,0
3721,1,0
3722,1,0
3723,1,0
3724,1,0
3725,1,0
3726,1,0
3727,1,0
3728,1,0
3729,1,0
3730,1,0
3731,1,0
3732,1,0
3733,1,0
3734,1,0
3735,1,0
3736,1,0
3737,1,0
3738,1,0
3739,1,0
3740,1,0
3741,1,0
3742,1,0
3743,1,0
3744,1,0
3745,1,0
3746,1,0
3747,1,0
3748,1,0
3749,1,0
3750,1,0
3751,1,0
3752,1,0
3753,1,0
3754,1,0
3755,1,0
3756,1,0
3757,1,0
3758,1,0
3759,1,0
3760,1,0
3761,1,0
3762,1,0
3763,1,0
3764,1,0
3765,1,0
3766,1,0
3767,1,0
3768,1,0
3769,1,0
3770,1,0
3771,1,0
3772,1,0
3773,1,0
3774,1,0
3775,1,0
3776,1,0
3777,1,0
3778,1,0
3779,1,0
3780,1,0
3781,1,0
3782,1,0
3783,1,0
3784,1,0
3785,1,0
3786,1,0
3787,1,0
3788,1,0
3789,1,0
3790,1,0
3791,1,0
3792,1,0
3793,1,0
3794,1,0
3795,1,0
3796,1,0
3797,1,0
3798,1,0
3799,1,0
3800,1,0
3801,1,0
3802,1,0
3803,1,0
3804,1,0
3805,1,0
3806,1,0
3807,1,0
3808,1,0
3809,1,0
3810,1,0
3811,1,0
3812,1,0
3813,1,0
3814,1,0
3815,1,0
3816,1,0
3817,1,0
3818,1,0
3819,1,0
3820,1,0
3821,1,0
3822,1,0
3823,1,0
3824,1,0
3825,1,0
3826,1,0
3827,1,0
3828,1,0
3829,1,0
3830,1,0
3831,1,0
3832,1,0
3833,1,0
3834,1,0
3835,1,0
3836,1,0
3837,1,0
3838,1,0
3839,1,0
3840,1,0
3841,1,0
3842,1,0
3843,1,0
3844,1,0
3845,1,0
3846,1,0
3847,1,0
3848,1,0
3849,1,0
3850,1,0
3851,1,0
3852,1,0
3853,1,0
3854,1,0
3855,1,0
3856,1,0
3857,1,0
3858,1,0
3859,1,0
3860,1,0
3861,1,0
3862,1,0
3863,1,0
3864,1,0
3865,1,0
3866,1,0
3867,1,0
3868,1,0
3869,1,0
3870,1,0
3871,1,0
3872,1,0
3873,1,0
3874,1,0
3875,1,0
3876,1,0
3877,1,0
3878,1,0
3879,1,0
3880,1,0
3881,1,0
3882,1,0
3883,1,0
3884,1,0
3885,1,0
3886,1,0
3887,1,0
3888,1,0
3889,1,0
3890,1,0
3891,1,0
3892,1,0
3893,1,0
3894,1,0
3895,1,0
3896,1,0
3897,1,0
3898,1,0
3899,1,0
3900,1,0
3901,1,0
3902,1,0
3903,1,0
3904,1,0
3905,1,0
3906,1,0
3907,1,0
3908,1,0
3909,1,0
3910,1,0
3911,1,0
3912,1,0
3913,1,0
3914,1,0
3915,1,0
3916,1,0
3917,1,0
3918,1,0
3919,1,0
3920,1,0
3921,1,0
3922,1,0
3923,1,0
3924,1,0
3925,1,0
3926,1,0
3927,1,0
3928,1,0
3929,1,0
3930,1,0
3931,1,0
3932,1,0
3933,1,0
3934,1,0
3935,1,0
3936,1,0
3937,1,0
3938,1,0
3939,1,0
3940,1,0
3941,1,0
3942,1,0
3943,1,0
3944,1,0
3945,1,0
3946,1,0
3947,1,0
3948,1,0
3949,1,0
3950,1,0
3951,1,0
3952,1,0
3953,1,0
3954,1,0
3955,1,0
3956,1,0
3957,1,0
3958,1,0
3959,1,0
3960,1,0
3961,1,0
3962,1,0
3963,1,0
3964,1,0
3965,1,0
3966,1,0
3967,1,0
3968,1,0
3969,1,0
3970,1,0
3971,1,0
3972,1,0
3973,1,0
3974,1,0
3975,1,0
3976,1,0
3977,1,0
3978,1,0
3979,1,0
3980,1,0
3981,1,0
3982,1,0
3983,1,0
3984,1,0
3985,1,0
3986,1,0
3987,1,0
3988,1,0
3989,1,0
3990,1,0
3991,1,0
3992,1,0
3993,1,0
3994,1,0
3995,1,0
3996,1,0
3997,1,0
3998,1,0
3999,1,0
4000,1,0
4001,1,0
4002,1,0
4003,1,0
4004,1,0
4005,1,0
4006,1,0
4007,1,0
4008,1,0
4009,1,0
4010,1,0
4011,1,0
4012,1,0
4013,1,0
4014,1,0
4015,1,0
4016,1,0
4017,1,0
4018,1,0
4019,1,0
4020,1,0
4021,1,0
4022,1,0
4023,1,0
4024,1,0
4025,1,0
4026,1,0
4027,1,0
4028,1,0
4029,1,0
4030,1,0
4031,1,0
4032,1,0
4033,1,0
4034,1,0
4035,1,0
4036,1,0
4037,1,0
4038,1,0
4039,1,0
4040,1,0
4041,1,0
4042,1,0
4043,1,0
4044,1,0
4045,1,0
4046,1,0
4047,1,0
4048,1,0
4049,1,0
4050,1,0
4051,1,0
4052,1,0
4053,1,0
4054,1,0
4055,1,0
4056,1,0
4057,1,0
4058,1,0
4059,1,0
4060,1,0
4061,1,0
4062,1,0
4063,1,0
4064,1,0
4065,1,0
4066,1,0
4067,1,0
4068,1,0
4069,1,0
4070,1,0
4071,1,0
4072,1,0
4073,1,0
4074,1,0
4075,1,0
4076,1,0
4077,1,0
4078,1,0
4079,1,0
4080,1,0
4081,1,0
4082,1,0
4083,1,0
4084,1,0
4085,1,0
4086,1,0
4087,1,0
4088,1,0
4089,1,0
4090,1,0
4091,1,0
4092,1,0
4093,1,0
4094,1,0
4095,1,0
4096,1,0
4097,1,0
4098,1,0
4099,1,0
4100,1,0
4101,1,0
4102,1,0
4103,1,0
4104,1,0
4105,1,0
4106,1,0
4107,1,0
4108,1,0
4109,1,0
4110,1,0
4111,1,0
4112,1,0
4113,1,0
4114,1,0
4115,1,0
4116,1,0
4117,1,0
4118,1,0
4119,1,0
4120,1,0
4121,1,0
4122,1,0
4123,1,0
4124,1,0
4125,1,0
4126,1,0
4127,1,0
4128,1,0
4129,1,0
4130,1,0
4131,1,0
4132,1,0
4133,1,0
4134,1,0
4135,1,0
4136,1,0
4137,1,0
4138,1,0
4139,1,0
4140,1,0
4141,1,0
4142,1,0
4143,1,0
4144,1,0
4145,1,0
4146,1,0
4147,1,0
4148,1,0
4149,1,0
4150,1,0
4151,1,0
4152,1,0
4153,1,0
4154,1,0
4155,1,0
4156,1,0
4157,1,0
4158,1,0
4159,1,0
4160,1,0
4161,1,0
4162,1,0
4163,1,0
4164,1,0
4165,1,0
4166,1,0
4167,1,0
4168,1,0
4169,1,0
4170,1,0
4171,1,0
4172,1,0
4173,1,0
4174,1,0
4175,1,0
4176,1,0
4177,1,0
4178,1,0
4179,1,0
4180,1,0
4181,1,0
4182,1,0
4183,1,0
4184,1,0
4185,1,0
4186,1,0
4187,1,0
4188,1,0
4189,1,0
4190,1,0
4191,1,0
4192,1,0
4193,1,0
4194,1,0
4195,1,0
4196,1,0
4197,1,0
4198,1,0
4199,1,0
4200,1,0
4201,1,0
4202,1,0
4203,1,0
4204,1,0
4205,1,0
4206,1,0
4207,1,0
4208,1,0
4209,1,0
4210,1,0
4211,1,0
4212,1,0
4213,1,0
4214,1,0
4215,1,0
4216,1,0
4217,1,0
4218,1,0
4219,1,0
4220,1,0
4221,1,0
4222,1,0
4223,1,0
4224,1,0
4225,1,0
4226,1,0
4227,1,0
4228,1,0
4229,1,0
4230,1,0
4231,1,0
4232,1,0
4233,1,0
4234,1,0
4235,1,0
4236,1,0
4237,1,0
4238,1,0
4239,1,0
4240,1,0
4241,1,0
4242,1,0
4243,1,0
4244,1,0
4245,1,0
4246,1,0
4247,1,0
4248,1,0
4249,1,0
4250,1,0
4251,1,0
4252,1,0
4253,1,0
4254,1,0
4255,1,0
4256,1,0
4257,1,0
4258,1,0
4259,1,0
4260,1,0
4261,1,0
4262,1,0
4263,1,0
4264,1,0
4265,1,0
4266,1,0
4267,1,0
4268,1,0
4269,1,0
4270,1,0
4271,1,0
4272,1,0
4273,1,0
4274,1,0
4275,1,0
4276,1,0
4277,1,0
4278,1,0
4279,1,0
4280,1,0
4281,1,0
4282,1,0
4283,1,0
4284,1,0
4285,1,0
4286,1,0
4287,1,0
4288,1,0
4289,1,0
4290,1,0
4291,1,0
4292,1,0
4293,1,0
4294,1,0
4295,1,0
4296,1,0
4297,1,0
4298,1,0
4299,1,0
4300,1,0
4301,1,0
4302,1,0
4303,1,0
4304,1,0
4305,1,0
4306,1,0
4307,1,0
4308,1,0
4309,1,0
4310,1,0
4311,1,0
4312,1,0
4313,1,0
4314,1,0
4315,1,0
4316,1,0
4317,1,0
4318,1,0
4319,1,0
4320,1,0
4321,1,0
4322,1,0
4323,1,0
4324,1,0
4325,1,0
4326,1,0
4327,1,0
4328,1,0
4329,1,0
4330,1,0
4331,1,0
4332,1,0
4333,1,0
4334,1,0
4335,1,0
4336,1,0
4337,1,0
4338,1,0
4339,1,0
4340,1,0
4341,1,0
4342,1,0
4343,1,0
4344,1,0
4345,1,0
4346,1,0
4347,1,0
4348,1,0
4349,1,0
4350,1,0
4351,1,0
4352,1,0
4353,1,0
4354,1,0
4355,1,0
4356,1,0
4357,1,0
4358,1,0
4359,1,0
4360,1,0
4361,1,0
4362,1,0
4363,1,0
4364,1,0
4365,1,0
4366,1,0
4367,1,0
4368,1,0
4369,1,0
4370,1,0
4371,1,0
4372,1,0
4373,1,0
4374,1,0
4375,1,0
4376,1,0
4377,1,0
4378,1,0
4379,1,0
4380,1,0
4381,1,0
4382,1,0
4383,1,0
4384,1,0
4385,1,0
4386,1,0
4387,1,0
4388,1,0
4389,1,0
4390,1,0
4391,1,0
4392,1,0
4393,1,0
4394,1,0
4395,1,0
4396,1,0
4397,1,0
4398,1,0
4399,1,0
4400,1,0
4401,1,0
4402,1,0
4403,1,0
4404,1,0
4405,1,0
4406,1,0
4407,1,0
4408,1,0
4409,1,0
4410,1,0
4411,1,0
4412,1,0
4413,1,0
4414,1,0
4415,1,0
4416,1,0
4417,1,0
4418,1,0
4419,1,0
4420,1,0
4421,1,0
4422,1,0
4423,1,0
4424,1,0
4425,1,0
4426,1,0
4427,1,0
4428,1,0
4429,1,0
4430,1,0
4431,1,0
4432,1,0
4433,1,0
4434,1,0
4435,1,0
4436,1,0
4437,1,0
4438,1,0
4439,1,0
4440,1,0
4441,1,0
4442,1,0
4443,1,0
4444,1,0
4445,1,0
4446,1,0
4447,1,0
4448,1,0
4449,1,0
4450,1,0
4451,1,0
4452,1,0
4453,1,0
4454,1,0
4455,1,0
4456,1,0
4457,1,0
4458,1,0
4459,1,0
4460,1,0
4461,1,0
4462,1,0
4463,1,0
4464,1,0
4465,1,0
4466,1,0
4467,1,0
4468,1,0
4469,1,0
4470,1,0
4471,1,0
4472,1,0
4473,1,0
4474,1,0
4475,1,0
4476,1,0
4477,1,0
4478,1,0
4479,1,0
4480,1,0
4481,1,0
4482,1,0
4483,1,0
4484,1,0
4485,1,0
4486,1,0
4487,1,0
4488,1,0
4489,1,0
4490,1,0
4491,1,0
4492,1,0
4493,1,0
4494,1,0
4495,1,0
4496,1,0
4497,1,0
4498,1,0
4499,1,0
4500,1,0
4501,1,0
4502,1,0
4503,1,0
4504,1,0
4505,1,0
4506,1,0
4507,1,0
4508,1,0
4509,1,0
4510,1,0
4511,1,0
4512,1,0
4513,1,0
4514,1,0
4515,1,0
4516,1,0
4517,1,0
4518,1,0
4519,1,0
4520,1,0
4521,1,0
4522,1,0
4523,1,0
4524,1,0
4525,1,0
4526,1,0
4527,1,0
4528,1,0
4529,1,0
4530,1,0
4531,1,0
4532,1,0
4533,1,0
4534,1,0
4535,1,0
4536,1,0
4537,1,0
4538,1,0
4539,1,0
4540,1,0
4541,1,0
4542,1,0
4543,1,0
4544,1,0
4545,1,0
4546,1,0
4547,1,0
4548,1,0
4549,1,0
4550,1,0
4551,1,0
4552,1,0
4553,1,0
4554,1,0
4555,1,0
4556,1,0
4557,1,0
4558,1,0
4559,1,0
4560,1,0
4561,1,0
4562,1,0
4563,1,0
4564,1,0
4565,1,0
4566,1,0
4567,1,0
4568,1,0
4569,1,0
4570,1,0
4571,1,0
4572,1,0
4573,1,0
4574,1,0
4575,1,0
4576,1,0
4577,1,0
4578,1,0
4579,1,0
4580,1,0
4581,1,0
4582,1,0
4583,1,0
4584,1,0
4585,1,0
4586,1,0
4587,1,0
4588,1,0
4589,1,0
4590,1,0
4591,1,0
4592,1,0
4593,1,0
4594,1,0
4595,1,0
4596,1,0
4597,1,0
4598,1,0
4599,1,0
4600,1,0
4601,1,0
4602,1,0
4603,1,0
4604,1,0
4605,1,0
4606,1,0
4607,1,0
4608,1,0
4609,1,0
4610,1,0
4611,1,0
4612,1,0
4613,1,0
4614,1,0
4615,1,0
4616,1,0
4617,1,0
4618,1,0
4619,1,0
4620,1,0
4621,1,0
4622,1,0
4623,1,0
4624,1,0
4625,1,0
4626,1,0
4627,1,0
4628,1,0
4629,1,0
4630,1,0
4631,1,0
4632,1,0
4633,1,0
4634,1,0
4635,1,0
4636,1,0
4637,1,0
4638,1,0
4639,1,0
4640,1,0
4641,1,0
4642,1,0
4643,1,0
4644,1,0
4645,1,0
4646,1,0
4647,1,0
4648,1,0
4649,1,0
4650,1,0
4651,1,0
4652,1,0
4653,1,0
4654,1,0
4655,1,0
4656,1,0
4657,1,0
4658,1,0
4659,1,0
4660,1,0
4661,1,0
4662,1,0
4663,1,0
4664,1,0
4665,1,0
4666,1,0
4667,1,0
4668,1,0
4669,1,0
4670,1,0
4671,1,0
4672,1,0
4673,1,0
4674,1,0
4675,1,0
4676,1,0
4677,1,0
4678,1,0
4679,1,0
4680,1,0
4681,1,0
4682,1,0
4683,1,0
4684,1,0
4685,1,0
4686,1,0
4687,1,0
4688,1,0
4689,1,0
4690,1,0
4691,1,0
4692,1,0
4693,1,0
4694,1,0
4695,1,0
4696,1,0
4697,1,0
4698,1,0
4699,1,0
4700,1,0
4701,1,0
4702,1,0
4703,1,0
4704,1,0
4705,1,0
4706,1,0
4707,1,0
4708,1,0
4709,1,0
4710,1,0
4711,1,0
4712,1,0
4713,1,0
4714,1,0
4715,1,0
4716,1,0
4717,1,0
4718,1,0
4719,1,0
4720,1,0
4721,1,0
4722,1,0
4723,1,0
4724,1,0
4725,1,0
4726,1,0
4727,1,0
4728,1,0
4729,1,0
4730,1,0
4731,1,0
4732,1,0
4733,1,0
4734,1,0
4735,1,0
4736,1,0
4737,1,0
4738,1,0
4739,1,0
4740,1,0
4741,1,0
4742,1,0
4743,1,0
4744,1,0
4745,1,0
4746,1,0
4747,1,0
4748,1,0
4749,1,0
4750,1,0
4751,1,0
4752,1,0
4753,1,0
4754,1,0
4755,1,0
4756,1,0
4757,1,0
4758,1,0
4759,1,0
4760,1,0
4761,1,0
4762,1,0
4763,1,0
4764,1,0
4765,1,0
4766,1,0
4767,1,0
4768,1,0
4769,1,0
4770,1,0
4771,1,0
4772,1,0
4773,1,0
4774,1,0
4775,1,0
4776,1,0
4777,1,0
4778,1,0
4779,1,0
4780,1,0
4781,1,0
4782,1,0
4783,1,0
4784,1,0
4785,1,0
4786,1,0
4787,1,0
4788,1,0
4789,1,0
4790,1,0
4791,1,0
4792,1,0
4793,1,0
4794,1,0
4795,1,0
4796,1,0
4797,1,0
4798,1,0
4799,1,0
4800,1,0
4801,1,0
4802,1,0
4803,1,0
4804,1,0
4805,1,0
4806,1,0
4807,1,0
4808,1,0
4809,1,0
4810,1,0
4811,1,0
4812,1,0
4813,1,0
4814,1,0
4815,1,0
4816,1,0
4817,1,0
4818,1,0
4819,1,0
4820,1,0
4821,1,0
4822,1,0
4823,1,0
4824,1,0
4825,1,0
4826,1,0
4827,1,0
4828,1,0
4829,1,0
4830,1,0
4831,1,0
4832,1,0
4833,1,0
4834,1,0
4835,1,0
4836,1,0
4837,1,0
4838,1,0
4839,1,0
4840,1,0
4841,1,0
4842,1,0
4843,1,0
4844,1,0
4845,1,0
4846,1,0
4847,1,0
4848,1,0
4849,1,0
4850,1,0
4851,1,0
4852,1,0
4853,1,0
4854,1,0
4855,1,0
4856,1,0
4857,1,0
4858,1,0
4859,1,0
4860,1,0
4861,1,0
4862,1,0
4863,1,0
4864,1,0
4865,1,0
4866,1,0
4867,1,0
4868,1,0
4869,1,0
4870,1,0
4871,1,0
4872,1,0
4873,1,0
4874,1,0
4875,1,0
4876,1,0
4877,1,0
4878,1,0
4879,1,0
4880,1,0
4881,1,0
4882,1,0
4883,1,0
4884,1,0
4885,1,0
4886,1,0
4887,1,0
4888,1,0
4889,1,0
4890,1,0
4891,1,0
4892,1,0
4893,1,0
4894,1,0
4895,1,0
4896,1,0
4897,1,0
4898,1,0
4899,1,0
4900,1,0
4901,1,0
4902,1,0
4903,1,0
4904,1,0
4905,1,0
4906,1,0
4907,1,0
4908,1,0
4909,1,0
4910,1,0
4911,1,0
4912,1,0
4913,1,0
4914,1,0
4915,1,0
4916,1,0
4917,1,0
4918,1,0
4919,1,0
4920,1,0
4921,1,0
4922,1,0
4923,1,0
4924,1,0
4925,1,0
4926,1,0
4927,1,0
4928,1,0
4929,1,0
4930,1,0
4931,1,0
4932,1,0
4933,1,0
4934,1,0
4935,1,0
4936,1,0
4937,1,0
4938,1,0
4939,1,0
4940,1,0
4941,1,0
4942,1,0
4943,1,0
4944,1,0
4945,1,0
4946,1,0
4947,1,0
4948,1,0
4949,1,0
4950,1,0
4951,1,0
4952,1,0
4953,1,0
4954,1,0
4955,1,0
4956,1,0
4957,1,0
4958,1,0
4959,1,0
4960,1,0
4961,1,0
4962,1,0
4963,1,0
4964,1,0
4965,1,0
4966,1,0
4967,1,0
4968,1,0
4969,1,0
4970,1,0
4971,1,0
4972,1,0
4973,1,0
4974,1,0
4975,1,0
4976,1,0
4977,1,0
4978,1,0
4979,1,0
4980,1,0
4981,1,0
4982,1,0
4983,1,0
4984,1,0
4985,1,0
4986,1,0
4987,1,0
4988,1,0
4989,1,0
4990,1,0
4991,1,0
4992,1,0
4993,1,0
4994,1,0
4995,1,0
4996,1,0
4997,1,0
4998,1,0
4999,1,0
5000,1,0
5001,1,0
5002,1,0
5003,1,0
5004,1,0